[08May2026 16:01:15.522] [main/INFO] [cpw.mods.modlauncher.Launcher/MODLAUNCHER]: ModLauncher running: args [--launchTarget, forgeclientuserdev, --version, MOD_DEV, --assetIndex, 5, --assetsDir, C:\Users\Owner\.gradle\caches\forge_gradle\assets, --gameDir, ., --fml.forgeVersion, 47.0.19, --fml.mcVersion, 1.20.1, --fml.forgeGroup, net.minecraftforge, --fml.mcpVersion, 20230612.114412]
[08May2026 16:01:15.526] [main/INFO] [cpw.mods.modlauncher.Launcher/MODLAUNCHER]: ModLauncher 10.0.9+10.0.9+main.dcd20f30 starting: java version 17.0.15 by Microsoft; OS Windows 10 arch amd64 version 10.0
[08May2026 16:01:15.550] [main/DEBUG] [cpw.mods.modlauncher.LaunchServiceHandler/MODLAUNCHER]: Found launch services [fmlclientdev,forgeclient,minecraft,forgegametestserverdev,fmlserveruserdev,fmlclient,fmldatauserdev,forgeserverdev,forgeserveruserdev,forgeclientdev,forgeclientuserdev,forgeserver,forgedatadev,fmlserver,fmlclientuserdev,fmlserverdev,forgedatauserdev,testharness,forgegametestserveruserdev]
[08May2026 16:01:15.562] [main/DEBUG] [cpw.mods.modlauncher.NameMappingServiceHandler/MODLAUNCHER]: Found naming services : [srgtomcp]
[08May2026 16:01:15.573] [main/DEBUG] [cpw.mods.modlauncher.LaunchPluginHandler/MODLAUNCHER]: Found launch plugins: [mixin,eventbus,slf4jfixer,object_holder_definalize,runtime_enum_extender,capability_token_subclass,accesstransformer,runtimedistcleaner]
[08May2026 16:01:15.584] [main/DEBUG] [cpw.mods.modlauncher.TransformationServicesHandler/MODLAUNCHER]: Discovering transformation services
[08May2026 16:01:15.590] [main/DEBUG] [net.minecraftforge.fml.loading.FMLPaths/CORE]: Path GAMEDIR is C:\Users\Owner\IdeaProjects\Minecraft-PvZ-Mod\run
[08May2026 16:01:15.590] [main/DEBUG] [net.minecraftforge.fml.loading.FMLPaths/CORE]: Path MODSDIR is C:\Users\Owner\IdeaProjects\Minecraft-PvZ-Mod\run\mods
[08May2026 16:01:15.591] [main/DEBUG] [net.minecraftforge.fml.loading.FMLPaths/CORE]: Path CONFIGDIR is C:\Users\Owner\IdeaProjects\Minecraft-PvZ-Mod\run\config
[08May2026 16:01:15.591] [main/DEBUG] [net.minecraftforge.fml.loading.FMLPaths/CORE]: Path FMLCONFIG is C:\Users\Owner\IdeaProjects\Minecraft-PvZ-Mod\run\config\fml.toml
[08May2026 16:01:15.624] [main/DEBUG] [cpw.mods.modlauncher.TransformationServicesHandler/MODLAUNCHER]: Found additional transformation services from discovery services: 
[08May2026 16:01:15.629] [main/INFO] [net.minecraftforge.fml.loading.ImmediateWindowHandler/]: Loading ImmediateWindowProvider fmlearlywindow
[08May2026 16:01:15.866] [main/INFO] [EARLYDISPLAY/]: Trying GL version 4.6
[08May2026 16:01:16.596] [main/INFO] [EARLYDISPLAY/]: Requested GL version 4.6 got version 4.6
[08May2026 16:01:16.870] [main/DEBUG] [cpw.mods.modlauncher.TransformationServicesHandler/MODLAUNCHER]: Found transformer services : [mixin,fml]
[08May2026 16:01:16.870] [main/DEBUG] [cpw.mods.modlauncher.TransformationServicesHandler/MODLAUNCHER]: Transformation services loading
[08May2026 16:01:16.870] [main/DEBUG] [cpw.mods.modlauncher.TransformationServiceDecorator/MODLAUNCHER]: Loading service mixin
[08May2026 16:01:16.871] [main/DEBUG] [cpw.mods.modlauncher.TransformationServiceDecorator/MODLAUNCHER]: Loaded service mixin
[08May2026 16:01:16.871] [main/DEBUG] [cpw.mods.modlauncher.TransformationServiceDecorator/MODLAUNCHER]: Loading service fml
[08May2026 16:01:16.872] [main/DEBUG] [net.minecraftforge.fml.loading.LauncherVersion/CORE]: Found FMLLauncher version 1.0
[08May2026 16:01:16.872] [main/DEBUG] [net.minecraftforge.fml.loading.FMLLoader/CORE]: FML 1.0 loading
[08May2026 16:01:16.872] [main/DEBUG] [net.minecraftforge.fml.loading.FMLLoader/CORE]: FML found ModLauncher version : 10.0.9+10.0.9+main.dcd20f30
[08May2026 16:01:16.873] [main/DEBUG] [net.minecraftforge.fml.loading.FMLLoader/CORE]: FML found AccessTransformer version : 8.0.4+66+master.c09db6d7
[08May2026 16:01:16.873] [main/DEBUG] [net.minecraftforge.fml.loading.FMLLoader/CORE]: FML found EventBus version : 6.0.3+6.0.3+master.039e4ea9
[08May2026 16:01:16.874] [main/DEBUG] [net.minecraftforge.fml.loading.FMLLoader/CORE]: Found Runtime Dist Cleaner
[08May2026 16:01:16.875] [main/DEBUG] [net.minecraftforge.fml.loading.FMLLoader/CORE]: FML found CoreMod version : 5.0.1+15+master.dc5a2922
[08May2026 16:01:16.876] [main/DEBUG] [net.minecraftforge.fml.loading.FMLLoader/CORE]: Found ForgeSPI package implementation version 7.0.0+7.0.0+master.a23b7993
[08May2026 16:01:16.876] [main/DEBUG] [net.minecraftforge.fml.loading.FMLLoader/CORE]: Found ForgeSPI package specification 5
[08May2026 16:01:16.876] [main/DEBUG] [cpw.mods.modlauncher.TransformationServiceDecorator/MODLAUNCHER]: Loaded service fml
[08May2026 16:01:16.877] [main/DEBUG] [cpw.mods.modlauncher.TransformationServicesHandler/MODLAUNCHER]: Configuring option handling for services
[08May2026 16:01:16.881] [main/DEBUG] [cpw.mods.modlauncher.TransformationServicesHandler/MODLAUNCHER]: Transformation services initializing
[08May2026 16:01:16.882] [main/DEBUG] [cpw.mods.modlauncher.TransformationServiceDecorator/MODLAUNCHER]: Initializing transformation service mixin
[08May2026 16:01:16.893] [main/DEBUG] [mixin/]: MixinService [ModLauncher] was successfully booted in cpw.mods.cl.ModuleClassLoader@70e8f8e
[08May2026 16:01:16.905] [main/INFO] [mixin/]: SpongePowered MIXIN Subsystem Version=0.8.5 Source=union:/C:/Users/Owner/.gradle/caches/modules-2/files-2.1/org.spongepowered/mixin/0.8.5/9d1c0c3a304ae6697ecd477218fa61b850bf57fc/mixin-0.8.5.jar%23128!/ Service=ModLauncher Env=CLIENT
[08May2026 16:01:16.907] [main/DEBUG] [mixin/]: Initialising Mixin Platform Manager
[08May2026 16:01:16.908] [main/DEBUG] [mixin/]: Adding mixin platform agents for container ModLauncher Root Container(ModLauncher:4f56a0a2)
[08May2026 16:01:16.908] [main/DEBUG] [mixin/]: Instancing new MixinPlatformAgentMinecraftForge for ModLauncher Root Container(ModLauncher:4f56a0a2)
[08May2026 16:01:16.908] [main/DEBUG] [mixin/]: MixinPlatformAgentMinecraftForge rejected container ModLauncher Root Container(ModLauncher:4f56a0a2)
[08May2026 16:01:16.909] [main/DEBUG] [mixin/]: Instancing new MixinPlatformAgentDefault for ModLauncher Root Container(ModLauncher:4f56a0a2)
[08May2026 16:01:16.909] [main/DEBUG] [mixin/]: MixinPlatformAgentDefault accepted container ModLauncher Root Container(ModLauncher:4f56a0a2)
[08May2026 16:01:16.911] [main/DEBUG] [cpw.mods.modlauncher.TransformationServiceDecorator/MODLAUNCHER]: Initialized transformation service mixin
[08May2026 16:01:16.911] [main/DEBUG] [cpw.mods.modlauncher.TransformationServiceDecorator/MODLAUNCHER]: Initializing transformation service fml
[08May2026 16:01:16.911] [main/DEBUG] [net.minecraftforge.fml.loading.FMLServiceProvider/CORE]: Setting up basic FML game directories
[08May2026 16:01:16.912] [main/DEBUG] [net.minecraftforge.fml.loading.FMLPaths/CORE]: Path GAMEDIR is C:\Users\Owner\IdeaProjects\Minecraft-PvZ-Mod\run
[08May2026 16:01:16.912] [main/DEBUG] [net.minecraftforge.fml.loading.FMLPaths/CORE]: Path MODSDIR is C:\Users\Owner\IdeaProjects\Minecraft-PvZ-Mod\run\mods
[08May2026 16:01:16.912] [main/DEBUG] [net.minecraftforge.fml.loading.FMLPaths/CORE]: Path CONFIGDIR is C:\Users\Owner\IdeaProjects\Minecraft-PvZ-Mod\run\config
[08May2026 16:01:16.912] [main/DEBUG] [net.minecraftforge.fml.loading.FMLPaths/CORE]: Path FMLCONFIG is C:\Users\Owner\IdeaProjects\Minecraft-PvZ-Mod\run\config\fml.toml
[08May2026 16:01:16.912] [main/DEBUG] [net.minecraftforge.fml.loading.FMLServiceProvider/CORE]: Loading configuration
[08May2026 16:01:16.916] [main/DEBUG] [net.minecraftforge.fml.loading.FMLServiceProvider/CORE]: Preparing ModFile
[08May2026 16:01:16.918] [main/DEBUG] [net.minecraftforge.fml.loading.FMLServiceProvider/CORE]: Preparing launch handler
[08May2026 16:01:16.918] [main/DEBUG] [net.minecraftforge.fml.loading.FMLLoader/CORE]: Using forgeclientuserdev as launch service
[08May2026 16:01:16.930] [main/DEBUG] [net.minecraftforge.fml.loading.FMLLoader/CORE]: Received command line version data  : VersionInfo[forgeVersion=47.0.19, mcVersion=1.20.1, mcpVersion=20230612.114412, forgeGroup=net.minecraftforge]
[08May2026 16:01:16.931] [main/DEBUG] [cpw.mods.modlauncher.TransformationServiceDecorator/MODLAUNCHER]: Initialized transformation service fml
[08May2026 16:01:16.932] [main/DEBUG] [cpw.mods.modlauncher.NameMappingServiceHandler/MODLAUNCHER]: Current naming domain is 'mcp'
[08May2026 16:01:16.932] [main/DEBUG] [cpw.mods.modlauncher.NameMappingServiceHandler/MODLAUNCHER]: Identified name mapping providers {srg=srgtomcp:1234}
[08May2026 16:01:16.933] [main/DEBUG] [cpw.mods.modlauncher.TransformationServicesHandler/MODLAUNCHER]: Transformation services begin scanning
[08May2026 16:01:16.933] [main/DEBUG] [cpw.mods.modlauncher.TransformationServiceDecorator/MODLAUNCHER]: Beginning scan trigger - transformation service mixin
[08May2026 16:01:16.933] [main/DEBUG] [cpw.mods.modlauncher.TransformationServiceDecorator/MODLAUNCHER]: End scan trigger - transformation service mixin
[08May2026 16:01:16.934] [main/DEBUG] [cpw.mods.modlauncher.TransformationServiceDecorator/MODLAUNCHER]: Beginning scan trigger - transformation service fml
[08May2026 16:01:16.934] [main/DEBUG] [net.minecraftforge.fml.loading.FMLServiceProvider/CORE]: Initiating mod scan
[08May2026 16:01:16.942] [main/DEBUG] [net.minecraftforge.fml.loading.moddiscovery.ModListHandler/CORE]: Found mod coordinates from lists: []
[08May2026 16:01:16.945] [main/DEBUG] [net.minecraftforge.fml.loading.moddiscovery.ModDiscoverer/CORE]: Found Mod Locators : (mods folder:null),(maven libs:null),(exploded directory:null),(minecraft:null),(userdev classpath:null)
[08May2026 16:01:16.945] [main/DEBUG] [net.minecraftforge.fml.loading.moddiscovery.ModDiscoverer/CORE]: Found Dependency Locators : (JarInJar:null)
[08May2026 16:01:16.950] [main/DEBUG] [net.minecraftforge.fml.loading.targets.CommonLaunchHandler/CORE]: Got mod coordinates pvz2mod%%C:\Users\Owner\IdeaProjects\Minecraft-PvZ-Mod\build\resources\main;pvz2mod%%C:\Users\Owner\IdeaProjects\Minecraft-PvZ-Mod\build\classes\java\main from env
[08May2026 16:01:16.952] [main/DEBUG] [net.minecraftforge.fml.loading.targets.CommonLaunchHandler/CORE]: Found supplied mod coordinates [{pvz2mod=[C:\Users\Owner\IdeaProjects\Minecraft-PvZ-Mod\build\resources\main, C:\Users\Owner\IdeaProjects\Minecraft-PvZ-Mod\build\classes\java\main]}]
[08May2026 16:01:17.189] [pool-2-thread-1/INFO] [EARLYDISPLAY/]: GL info: NVIDIA GeForce RTX 5070/PCIe/SSE2 GL version 4.6.0 NVIDIA 591.74, NVIDIA Corporation
[08May2026 16:01:17.235] [main/DEBUG] [net.minecraftforge.fml.loading.moddiscovery.ModFileInfo/LOADING]: Found valid mod file forge-1.20.1-47.0.19_mapped_parchment_2023.06.26-1.20.1-recomp.jar with {minecraft} mods - versions {1.20.1}
[08May2026 16:01:17.240] [main/DEBUG] [net.minecraftforge.fml.loading.moddiscovery.ModFileParser/LOADING]: Considering mod file candidate C:\Users\Owner\.gradle\caches\modules-2\files-2.1\net.minecraftforge\javafmllanguage\1.20.1-47.0.19\11325ab7cc62ad123c202b63216724c0a9af1a21\javafmllanguage-1.20.1-47.0.19.jar
[08May2026 16:01:17.241] [main/WARN] [net.minecraftforge.fml.loading.moddiscovery.ModFileParser/LOADING]: Mod file C:\Users\Owner\.gradle\caches\modules-2\files-2.1\net.minecraftforge\javafmllanguage\1.20.1-47.0.19\11325ab7cc62ad123c202b63216724c0a9af1a21\javafmllanguage-1.20.1-47.0.19.jar is missing mods.toml file
[08May2026 16:01:17.244] [main/DEBUG] [net.minecraftforge.fml.loading.moddiscovery.ModFileParser/LOADING]: Considering mod file candidate C:\Users\Owner\.gradle\caches\modules-2\files-2.1\net.minecraftforge\lowcodelanguage\1.20.1-47.0.19\43bcf9e8002338c09b0f793771f6471e5fb74dd7\lowcodelanguage-1.20.1-47.0.19.jar
[08May2026 16:01:17.244] [main/WARN] [net.minecraftforge.fml.loading.moddiscovery.ModFileParser/LOADING]: Mod file C:\Users\Owner\.gradle\caches\modules-2\files-2.1\net.minecraftforge\lowcodelanguage\1.20.1-47.0.19\43bcf9e8002338c09b0f793771f6471e5fb74dd7\lowcodelanguage-1.20.1-47.0.19.jar is missing mods.toml file
[08May2026 16:01:17.247] [main/DEBUG] [net.minecraftforge.fml.loading.moddiscovery.ModFileParser/LOADING]: Considering mod file candidate C:\Users\Owner\.gradle\caches\modules-2\files-2.1\net.minecraftforge\mclanguage\1.20.1-47.0.19\9ad401a1888591fa336b5685d1572aa4387cf31d\mclanguage-1.20.1-47.0.19.jar
[08May2026 16:01:17.248] [main/WARN] [net.minecraftforge.fml.loading.moddiscovery.ModFileParser/LOADING]: Mod file C:\Users\Owner\.gradle\caches\modules-2\files-2.1\net.minecraftforge\mclanguage\1.20.1-47.0.19\9ad401a1888591fa336b5685d1572aa4387cf31d\mclanguage-1.20.1-47.0.19.jar is missing mods.toml file
[08May2026 16:01:17.253] [main/DEBUG] [net.minecraftforge.fml.loading.moddiscovery.ModFileParser/LOADING]: Considering mod file candidate C:\Users\Owner\.gradle\caches\modules-2\files-2.1\net.minecraftforge\fmlcore\1.20.1-47.0.19\fb98a8fe718272b2822fb1798215d25e97ce84e6\fmlcore-1.20.1-47.0.19.jar
[08May2026 16:01:17.253] [main/WARN] [net.minecraftforge.fml.loading.moddiscovery.ModFileParser/LOADING]: Mod file C:\Users\Owner\.gradle\caches\modules-2\files-2.1\net.minecraftforge\fmlcore\1.20.1-47.0.19\fb98a8fe718272b2822fb1798215d25e97ce84e6\fmlcore-1.20.1-47.0.19.jar is missing mods.toml file
[08May2026 16:01:17.258] [main/DEBUG] [net.minecraftforge.fml.loading.moddiscovery.ModFileParser/LOADING]: Considering mod file candidate C:\Users\Owner\IdeaProjects\Minecraft-PvZ-Mod\build\resources\main
[08May2026 16:01:17.264] [main/DEBUG] [net.minecraftforge.fml.loading.moddiscovery.ModFileInfo/LOADING]: Found valid mod file main with {pvz2mod} mods - versions {0.1-1.20.1}
[08May2026 16:01:17.267] [main/DEBUG] [net.minecraftforge.fml.loading.moddiscovery.ModFileParser/LOADING]: Considering mod file candidate /
[08May2026 16:01:17.270] [main/DEBUG] [net.minecraftforge.fml.loading.moddiscovery.ModFileInfo/LOADING]: Found valid mod file  with {forge} mods - versions {47.0.19}
[08May2026 16:01:17.295] [main/DEBUG] [net.minecraftforge.fml.loading.moddiscovery.AbstractJarFileDependencyLocator/]: Failed to load resource META-INF\jarjar\metadata.json from forge-1.20.1-47.0.19_mapped_parchment_2023.06.26-1.20.1-recomp.jar, it does not contain dependency information.
[08May2026 16:01:17.296] [main/DEBUG] [net.minecraftforge.fml.loading.moddiscovery.AbstractJarFileDependencyLocator/]: Failed to load resource META-INF\jarjar\metadata.json from main, it does not contain dependency information.
[08May2026 16:01:17.296] [main/DEBUG] [net.minecraftforge.fml.loading.moddiscovery.AbstractJarFileDependencyLocator/]: Failed to load resource META-INF\jarjar\metadata.json from , it does not contain dependency information.
[08May2026 16:01:17.296] [main/DEBUG] [net.minecraftforge.fml.loading.moddiscovery.AbstractJarFileDependencyLocator/]: Failed to load resource META-INF\jarjar\metadata.json from mclanguage-1.20.1-47.0.19.jar, it does not contain dependency information.
[08May2026 16:01:17.296] [main/DEBUG] [net.minecraftforge.fml.loading.moddiscovery.AbstractJarFileDependencyLocator/]: Failed to load resource META-INF\jarjar\metadata.json from javafmllanguage-1.20.1-47.0.19.jar, it does not contain dependency information.
[08May2026 16:01:17.297] [main/DEBUG] [net.minecraftforge.fml.loading.moddiscovery.AbstractJarFileDependencyLocator/]: Failed to load resource META-INF\jarjar\metadata.json from fmlcore-1.20.1-47.0.19.jar, it does not contain dependency information.
[08May2026 16:01:17.297] [main/DEBUG] [net.minecraftforge.fml.loading.moddiscovery.AbstractJarFileDependencyLocator/]: Failed to load resource META-INF\jarjar\metadata.json from lowcodelanguage-1.20.1-47.0.19.jar, it does not contain dependency information.
[08May2026 16:01:17.321] [main/INFO] [net.minecraftforge.fml.loading.moddiscovery.JarInJarDependencyLocator/]: No dependencies to load found. Skipping!
[08May2026 16:01:17.323] [main/DEBUG] [net.minecraftforge.fml.loading.moddiscovery.ModFileInfo/LOADING]: Found valid mod file forge-1.20.1-47.0.19_mapped_parchment_2023.06.26-1.20.1-recomp.jar with {minecraft} mods - versions {1.20.1}
[08May2026 16:01:17.326] [main/DEBUG] [net.minecraftforge.fml.loading.moddiscovery.ModFile/LOADING]: Loading mod file C:\Users\Owner\.gradle\caches\forge_gradle\minecraft_user_repo\net\minecraftforge\forge\1.20.1-47.0.19_mapped_parchment_2023.06.26-1.20.1\forge-1.20.1-47.0.19_mapped_parchment_2023.06.26-1.20.1-recomp.jar with languages [LanguageSpec[languageName=minecraft, acceptedVersions=1]]
[08May2026 16:01:17.326] [main/DEBUG] [net.minecraftforge.fml.loading.moddiscovery.ModFileParser/LOADING]: Considering mod file candidate C:\Users\Owner\IdeaProjects\Minecraft-PvZ-Mod\build\resources\main
[08May2026 16:01:17.328] [main/DEBUG] [net.minecraftforge.fml.loading.moddiscovery.ModFileInfo/LOADING]: Found valid mod file main with {pvz2mod} mods - versions {0.1-1.20.1}
[08May2026 16:01:17.328] [main/DEBUG] [net.minecraftforge.fml.loading.moddiscovery.ModFile/LOADING]: Loading mod file C:\Users\Owner\IdeaProjects\Minecraft-PvZ-Mod\build\resources\main with languages [LanguageSpec[languageName=javafml, acceptedVersions=[47,)]]
[08May2026 16:01:17.329] [main/DEBUG] [net.minecraftforge.fml.loading.moddiscovery.ModFileParser/LOADING]: Considering mod file candidate /
[08May2026 16:01:17.329] [main/DEBUG] [net.minecraftforge.fml.loading.moddiscovery.ModFileInfo/LOADING]: Found valid mod file  with {forge} mods - versions {47.0.19}
[08May2026 16:01:17.330] [main/DEBUG] [net.minecraftforge.fml.loading.moddiscovery.ModFile/LOADING]: Loading mod file / with languages [LanguageSpec[languageName=javafml, acceptedVersions=[24,]]]
[08May2026 16:01:17.382] [main/DEBUG] [net.minecraftforge.fml.loading.moddiscovery.ModFileParser/LOADING]: Found coremod field_to_method with Javascript path coremods/field_to_method.js
[08May2026 16:01:17.382] [main/DEBUG] [net.minecraftforge.fml.loading.moddiscovery.ModFileParser/LOADING]: Found coremod field_to_instanceof with Javascript path coremods/field_to_instanceof.js
[08May2026 16:01:17.383] [main/DEBUG] [net.minecraftforge.fml.loading.moddiscovery.ModFileParser/LOADING]: Found coremod add_bouncer_method with Javascript path coremods/add_bouncer_method.js
[08May2026 16:01:17.383] [main/DEBUG] [net.minecraftforge.fml.loading.moddiscovery.ModFileParser/LOADING]: Found coremod method_redirector with Javascript path coremods/method_redirector.js
[08May2026 16:01:17.383] [main/DEBUG] [net.minecraftforge.fml.loading.moddiscovery.ModFile/LOADING]: Found coremod coremods/field_to_method.js
[08May2026 16:01:17.383] [main/DEBUG] [net.minecraftforge.fml.loading.moddiscovery.ModFile/LOADING]: Found coremod coremods/field_to_instanceof.js
[08May2026 16:01:17.383] [main/DEBUG] [net.minecraftforge.fml.loading.moddiscovery.ModFile/LOADING]: Found coremod coremods/add_bouncer_method.js
[08May2026 16:01:17.383] [main/DEBUG] [net.minecraftforge.fml.loading.moddiscovery.ModFile/LOADING]: Found coremod coremods/method_redirector.js
[08May2026 16:01:17.384] [main/DEBUG] [cpw.mods.modlauncher.TransformationServiceDecorator/MODLAUNCHER]: End scan trigger - transformation service fml
[08May2026 16:01:17.393] [main/DEBUG] [net.minecraftforge.fml.loading.LanguageLoadingProvider/CORE]: Found 3 language providers
[08May2026 16:01:17.394] [main/DEBUG] [net.minecraftforge.fml.loading.LanguageLoadingProvider/CORE]: Found language provider minecraft, version 1.0
[08May2026 16:01:17.394] [main/DEBUG] [net.minecraftforge.fml.loading.LanguageLoadingProvider/CORE]: Found language provider lowcodefml, version 47
[08May2026 16:01:17.394] [main/DEBUG] [net.minecraftforge.fml.loading.LanguageLoadingProvider/CORE]: Found language provider javafml, version 47
[08May2026 16:01:17.398] [main/DEBUG] [net.minecraftforge.fml.loading.ModSorter/]: Configured system mods: [minecraft, forge]
[08May2026 16:01:17.398] [main/DEBUG] [net.minecraftforge.fml.loading.ModSorter/]: Found system mod: minecraft
[08May2026 16:01:17.399] [main/DEBUG] [net.minecraftforge.fml.loading.ModSorter/]: Found system mod: forge
[08May2026 16:01:17.401] [main/DEBUG] [net.minecraftforge.fml.loading.ModSorter/LOADING]: Found 2 mod requirements (2 mandatory, 0 optional)
[08May2026 16:01:17.401] [main/DEBUG] [net.minecraftforge.fml.loading.ModSorter/LOADING]: Found 0 mod requirements missing (0 mandatory, 0 optional)
[08May2026 16:01:17.880] [main/DEBUG] [net.minecraftforge.fml.loading.MCPNamingService/CORE]: Loaded 34315 method mappings from methods.csv
[08May2026 16:01:17.909] [main/DEBUG] [net.minecraftforge.fml.loading.MCPNamingService/CORE]: Loaded 31011 field mappings from fields.csv
[08May2026 16:01:17.955] [main/DEBUG] [cpw.mods.modlauncher.TransformationServicesHandler/MODLAUNCHER]: Transformation services loading transformers
[08May2026 16:01:17.956] [main/DEBUG] [cpw.mods.modlauncher.TransformationServiceDecorator/MODLAUNCHER]: Initializing transformers for transformation service mixin
[08May2026 16:01:17.956] [main/DEBUG] [cpw.mods.modlauncher.TransformationServiceDecorator/MODLAUNCHER]: Initialized transformers for transformation service mixin
[08May2026 16:01:17.957] [main/DEBUG] [cpw.mods.modlauncher.TransformationServiceDecorator/MODLAUNCHER]: Initializing transformers for transformation service fml
[08May2026 16:01:17.957] [main/DEBUG] [net.minecraftforge.fml.loading.FMLServiceProvider/CORE]: Loading coremod transformers
[08May2026 16:01:17.957] [main/DEBUG] [net.minecraftforge.coremod.CoreModEngine/COREMOD]: Loading CoreMod from coremods/field_to_method.js
[08May2026 16:01:18.133] [main/DEBUG] [net.minecraftforge.coremod.CoreModEngine/COREMOD]: CoreMod loaded successfully
[08May2026 16:01:18.133] [main/DEBUG] [net.minecraftforge.coremod.CoreModEngine/COREMOD]: Loading CoreMod from coremods/field_to_instanceof.js
[08May2026 16:01:18.181] [main/DEBUG] [net.minecraftforge.coremod.CoreModEngine/COREMOD]: CoreMod loaded successfully
[08May2026 16:01:18.181] [main/DEBUG] [net.minecraftforge.coremod.CoreModEngine/COREMOD]: Loading CoreMod from coremods/add_bouncer_method.js
[08May2026 16:01:18.212] [main/DEBUG] [net.minecraftforge.coremod.CoreModEngine/COREMOD]: CoreMod loaded successfully
[08May2026 16:01:18.212] [main/DEBUG] [net.minecraftforge.coremod.CoreModEngine/COREMOD]: Loading CoreMod from coremods/method_redirector.js
[08May2026 16:01:18.266] [main/DEBUG] [net.minecraftforge.coremod.CoreModEngine/COREMOD]: CoreMod loaded successfully
[08May2026 16:01:18.277] [main/DEBUG] [cpw.mods.modlauncher.TransformStore/MODLAUNCHER]: Adding transformer net.minecraftforge.coremod.transformer.CoreModClassTransformer@361abd01 to Target : CLASS {Lnet/minecraft/world/level/biome/Biome;} {} {V}
[08May2026 16:01:18.278] [main/DEBUG] [cpw.mods.modlauncher.TransformStore/MODLAUNCHER]: Adding transformer net.minecraftforge.coremod.transformer.CoreModClassTransformer@15c487a8 to Target : CLASS {Lnet/minecraft/world/level/levelgen/structure/Structure;} {} {V}
[08May2026 16:01:18.278] [main/DEBUG] [cpw.mods.modlauncher.TransformStore/MODLAUNCHER]: Adding transformer net.minecraftforge.coremod.transformer.CoreModClassTransformer@3f36e8d1 to Target : CLASS {Lnet/minecraft/world/effect/MobEffectInstance;} {} {V}
[08May2026 16:01:18.278] [main/DEBUG] [cpw.mods.modlauncher.TransformStore/MODLAUNCHER]: Adding transformer net.minecraftforge.coremod.transformer.CoreModClassTransformer@7c011174 to Target : CLASS {Lnet/minecraft/world/level/block/LiquidBlock;} {} {V}
[08May2026 16:01:18.279] [main/DEBUG] [cpw.mods.modlauncher.TransformStore/MODLAUNCHER]: Adding transformer net.minecraftforge.coremod.transformer.CoreModClassTransformer@794366a5 to Target : CLASS {Lnet/minecraft/world/item/BucketItem;} {} {V}
[08May2026 16:01:18.279] [main/DEBUG] [cpw.mods.modlauncher.TransformStore/MODLAUNCHER]: Adding transformer net.minecraftforge.coremod.transformer.CoreModClassTransformer@480b57e2 to Target : CLASS {Lnet/minecraft/world/level/block/StairBlock;} {} {V}
[08May2026 16:01:18.279] [main/DEBUG] [cpw.mods.modlauncher.TransformStore/MODLAUNCHER]: Adding transformer net.minecraftforge.coremod.transformer.CoreModClassTransformer@40f35e52 to Target : CLASS {Lnet/minecraft/world/level/block/FlowerPotBlock;} {} {V}
[08May2026 16:01:18.279] [main/DEBUG] [cpw.mods.modlauncher.TransformStore/MODLAUNCHER]: Adding transformer net.minecraftforge.coremod.transformer.CoreModClassTransformer@340d6d89 to Target : CLASS {Lnet/minecraft/world/item/ItemStack;} {} {V}
[08May2026 16:01:18.279] [main/DEBUG] [cpw.mods.modlauncher.TransformStore/MODLAUNCHER]: Adding transformer net.minecraftforge.coremod.transformer.CoreModClassTransformer@561953e3 to Target : CLASS {Lnet/minecraft/network/play/client/CClientSettingsPacket;} {} {V}
[08May2026 16:01:18.279] [main/DEBUG] [cpw.mods.modlauncher.TransformStore/MODLAUNCHER]: Adding transformer net.minecraftforge.coremod.transformer.CoreModClassTransformer@443faa85 to Target : CLASS {Lnet/minecraft/server/commands/RaidCommand;} {} {V}
[08May2026 16:01:18.280] [main/DEBUG] [cpw.mods.modlauncher.TransformStore/MODLAUNCHER]: Adding transformer net.minecraftforge.coremod.transformer.CoreModClassTransformer@443faa85 to Target : CLASS {Lnet/minecraft/world/entity/npc/CatSpawner;} {} {V}
[08May2026 16:01:18.280] [main/DEBUG] [cpw.mods.modlauncher.TransformStore/MODLAUNCHER]: Adding transformer net.minecraftforge.coremod.transformer.CoreModClassTransformer@443faa85 to Target : CLASS {Lnet/minecraft/world/entity/npc/Villager;} {} {V}
[08May2026 16:01:18.280] [main/DEBUG] [cpw.mods.modlauncher.TransformStore/MODLAUNCHER]: Adding transformer net.minecraftforge.coremod.transformer.CoreModClassTransformer@443faa85 to Target : CLASS {Lnet/minecraft/world/entity/raid/Raid;} {} {V}
[08May2026 16:01:18.280] [main/DEBUG] [cpw.mods.modlauncher.TransformStore/MODLAUNCHER]: Adding transformer net.minecraftforge.coremod.transformer.CoreModClassTransformer@443faa85 to Target : CLASS {Lnet/minecraft/world/level/levelgen/structure/structures/WoodlandMansionPieces$WoodlandMansionPiece;} {} {V}
[08May2026 16:01:18.280] [main/DEBUG] [cpw.mods.modlauncher.TransformStore/MODLAUNCHER]: Adding transformer net.minecraftforge.coremod.transformer.CoreModClassTransformer@443faa85 to Target : CLASS {Lnet/minecraft/world/level/levelgen/structure/structures/SwampHutPiece;} {} {V}
[08May2026 16:01:18.280] [main/DEBUG] [cpw.mods.modlauncher.TransformStore/MODLAUNCHER]: Adding transformer net.minecraftforge.coremod.transformer.CoreModClassTransformer@443faa85 to Target : CLASS {Lnet/minecraft/world/entity/monster/Evoker$EvokerSummonSpellGoal;} {} {V}
[08May2026 16:01:18.280] [main/DEBUG] [cpw.mods.modlauncher.TransformStore/MODLAUNCHER]: Adding transformer net.minecraftforge.coremod.transformer.CoreModClassTransformer@443faa85 to Target : CLASS {Lnet/minecraft/world/level/levelgen/structure/structures/OceanMonumentPieces$OceanMonumentPiece;} {} {V}
[08May2026 16:01:18.280] [main/DEBUG] [cpw.mods.modlauncher.TransformStore/MODLAUNCHER]: Adding transformer net.minecraftforge.coremod.transformer.CoreModClassTransformer@443faa85 to Target : CLASS {Lnet/minecraft/world/level/levelgen/structure/templatesystem/StructureTemplate;} {} {V}
[08May2026 16:01:18.280] [main/DEBUG] [cpw.mods.modlauncher.TransformStore/MODLAUNCHER]: Adding transformer net.minecraftforge.coremod.transformer.CoreModClassTransformer@443faa85 to Target : CLASS {Lnet/minecraft/world/entity/animal/horse/SkeletonTrapGoal;} {} {V}
[08May2026 16:01:18.281] [main/DEBUG] [cpw.mods.modlauncher.TransformStore/MODLAUNCHER]: Adding transformer net.minecraftforge.coremod.transformer.CoreModClassTransformer@443faa85 to Target : CLASS {Lnet/minecraft/world/level/NaturalSpawner;} {} {V}
[08May2026 16:01:18.281] [main/DEBUG] [cpw.mods.modlauncher.TransformStore/MODLAUNCHER]: Adding transformer net.minecraftforge.coremod.transformer.CoreModClassTransformer@443faa85 to Target : CLASS {Lnet/minecraft/server/commands/SummonCommand;} {} {V}
[08May2026 16:01:18.281] [main/DEBUG] [cpw.mods.modlauncher.TransformStore/MODLAUNCHER]: Adding transformer net.minecraftforge.coremod.transformer.CoreModClassTransformer@443faa85 to Target : CLASS {Lnet/minecraft/world/entity/EntityType;} {} {V}
[08May2026 16:01:18.281] [main/DEBUG] [cpw.mods.modlauncher.TransformStore/MODLAUNCHER]: Adding transformer net.minecraftforge.coremod.transformer.CoreModClassTransformer@443faa85 to Target : CLASS {Lnet/minecraft/world/entity/monster/Spider;} {} {V}
[08May2026 16:01:18.281] [main/DEBUG] [cpw.mods.modlauncher.TransformStore/MODLAUNCHER]: Adding transformer net.minecraftforge.coremod.transformer.CoreModClassTransformer@443faa85 to Target : CLASS {Lnet/minecraft/world/entity/monster/Zombie;} {} {V}
[08May2026 16:01:18.281] [main/DEBUG] [cpw.mods.modlauncher.TransformStore/MODLAUNCHER]: Adding transformer net.minecraftforge.coremod.transformer.CoreModClassTransformer@443faa85 to Target : CLASS {Lnet/minecraft/world/entity/monster/ZombieVillager;} {} {V}
[08May2026 16:01:18.281] [main/DEBUG] [cpw.mods.modlauncher.TransformStore/MODLAUNCHER]: Adding transformer net.minecraftforge.coremod.transformer.CoreModClassTransformer@443faa85 to Target : CLASS {Lnet/minecraft/world/level/levelgen/PhantomSpawner;} {} {V}
[08May2026 16:01:18.281] [main/DEBUG] [cpw.mods.modlauncher.TransformStore/MODLAUNCHER]: Adding transformer net.minecraftforge.coremod.transformer.CoreModClassTransformer@443faa85 to Target : CLASS {Lnet/minecraft/world/entity/monster/Strider;} {} {V}
[08May2026 16:01:18.281] [main/DEBUG] [cpw.mods.modlauncher.TransformStore/MODLAUNCHER]: Adding transformer net.minecraftforge.coremod.transformer.CoreModClassTransformer@443faa85 to Target : CLASS {Lnet/minecraft/world/entity/animal/frog/Tadpole;} {} {V}
[08May2026 16:01:18.282] [main/DEBUG] [cpw.mods.modlauncher.TransformStore/MODLAUNCHER]: Adding transformer net.minecraftforge.coremod.transformer.CoreModClassTransformer@443faa85 to Target : CLASS {Lnet/minecraft/world/level/levelgen/PatrolSpawner;} {} {V}
[08May2026 16:01:18.282] [main/DEBUG] [cpw.mods.modlauncher.TransformStore/MODLAUNCHER]: Adding transformer net.minecraftforge.coremod.transformer.CoreModClassTransformer@443faa85 to Target : CLASS {Lnet/minecraft/world/entity/ai/village/VillageSiege;} {} {V}
[08May2026 16:01:18.282] [main/DEBUG] [cpw.mods.modlauncher.TransformStore/MODLAUNCHER]: Adding transformer net.minecraftforge.coremod.transformer.CoreModClassTransformer@443faa85 to Target : CLASS {Lnet/minecraft/world/level/levelgen/structure/structures/OceanRuinPieces$OceanRuinPiece;} {} {V}
[08May2026 16:01:18.282] [main/DEBUG] [cpw.mods.modlauncher.TransformationServiceDecorator/MODLAUNCHER]: Initialized transformers for transformation service fml
[08May2026 16:01:18.678] [main/DEBUG] [mixin/]: Processing prepare() for PlatformAgent[MixinPlatformAgentDefault:ModLauncher Root Container(ModLauncher:4f56a0a2)]
[08May2026 16:01:18.678] [main/DEBUG] [mixin/]: Processing launch tasks for PlatformAgent[MixinPlatformAgentDefault:ModLauncher Root Container(ModLauncher:4f56a0a2)]
[08May2026 16:01:18.678] [main/DEBUG] [mixin/]: Adding mixin platform agents for container SecureJarResource(minecraft)
[08May2026 16:01:18.678] [main/DEBUG] [mixin/]: Instancing new MixinPlatformAgentMinecraftForge for SecureJarResource(minecraft)
[08May2026 16:01:18.678] [main/DEBUG] [mixin/]: MixinPlatformAgentMinecraftForge rejected container SecureJarResource(minecraft)
[08May2026 16:01:18.679] [main/DEBUG] [mixin/]: Instancing new MixinPlatformAgentDefault for SecureJarResource(minecraft)
[08May2026 16:01:18.679] [main/DEBUG] [mixin/]: MixinPlatformAgentDefault accepted container SecureJarResource(minecraft)
[08May2026 16:01:18.679] [main/DEBUG] [mixin/]: Processing prepare() for PlatformAgent[MixinPlatformAgentDefault:SecureJarResource(minecraft)]
[08May2026 16:01:18.679] [main/DEBUG] [mixin/]: Adding mixin platform agents for container SecureJarResource(pvz2mod)
[08May2026 16:01:18.679] [main/DEBUG] [mixin/]: Instancing new MixinPlatformAgentMinecraftForge for SecureJarResource(pvz2mod)
[08May2026 16:01:18.679] [main/DEBUG] [mixin/]: MixinPlatformAgentMinecraftForge rejected container SecureJarResource(pvz2mod)
[08May2026 16:01:18.679] [main/DEBUG] [mixin/]: Instancing new MixinPlatformAgentDefault for SecureJarResource(pvz2mod)
[08May2026 16:01:18.679] [main/DEBUG] [mixin/]: MixinPlatformAgentDefault accepted container SecureJarResource(pvz2mod)
[08May2026 16:01:18.679] [main/DEBUG] [mixin/]: Processing prepare() for PlatformAgent[MixinPlatformAgentDefault:SecureJarResource(pvz2mod)]
[08May2026 16:01:18.679] [main/DEBUG] [mixin/]: Adding mixin platform agents for container SecureJarResource(forge)
[08May2026 16:01:18.679] [main/DEBUG] [mixin/]: Instancing new MixinPlatformAgentMinecraftForge for SecureJarResource(forge)
[08May2026 16:01:18.680] [main/DEBUG] [mixin/]: MixinPlatformAgentMinecraftForge rejected container SecureJarResource(forge)
[08May2026 16:01:18.680] [main/DEBUG] [mixin/]: Instancing new MixinPlatformAgentDefault for SecureJarResource(forge)
[08May2026 16:01:18.680] [main/DEBUG] [mixin/]: MixinPlatformAgentDefault accepted container SecureJarResource(forge)
[08May2026 16:01:18.680] [main/DEBUG] [mixin/]: Processing prepare() for PlatformAgent[MixinPlatformAgentDefault:SecureJarResource(forge)]
[08May2026 16:01:18.680] [main/DEBUG] [mixin/]: inject() running with 4 agents
[08May2026 16:01:18.680] [main/DEBUG] [mixin/]: Processing inject() for PlatformAgent[MixinPlatformAgentDefault:ModLauncher Root Container(ModLauncher:4f56a0a2)]
[08May2026 16:01:18.680] [main/DEBUG] [mixin/]: Processing inject() for PlatformAgent[MixinPlatformAgentDefault:SecureJarResource(minecraft)]
[08May2026 16:01:18.680] [main/DEBUG] [mixin/]: Processing inject() for PlatformAgent[MixinPlatformAgentDefault:SecureJarResource(pvz2mod)]
[08May2026 16:01:18.680] [main/DEBUG] [mixin/]: Processing inject() for PlatformAgent[MixinPlatformAgentDefault:SecureJarResource(forge)]
[08May2026 16:01:18.680] [main/INFO] [cpw.mods.modlauncher.LaunchServiceHandler/MODLAUNCHER]: Launching target 'forgeclientuserdev' with arguments [--version, MOD_DEV, --gameDir, ., --assetsDir, C:\Users\Owner\.gradle\caches\forge_gradle\assets, --assetIndex, 5]
[08May2026 16:01:18.744] [main/DEBUG] [mixin/]: Error cleaning class output directory: .mixin.out
[08May2026 16:01:18.745] [main/DEBUG] [mixin/]: Preparing mixins for MixinEnvironment[DEFAULT]
[08May2026 16:01:18.977] [main/DEBUG] [io.netty.util.internal.logging.InternalLoggerFactory/]: Using SLF4J as the default logging framework
[08May2026 16:01:18.980] [main/DEBUG] [io.netty.util.ResourceLeakDetector/]: -Dio.netty.leakDetection.level: simple
[08May2026 16:01:18.980] [main/DEBUG] [io.netty.util.ResourceLeakDetector/]: -Dio.netty.leakDetection.targetRecords: 4
[08May2026 16:01:19.075] [main/DEBUG] [oshi.util.FileUtil/]: No oshi.properties file found from ClassLoader cpw.mods.modlauncher.TransformingClassLoader@77bc2e16
[08May2026 16:01:19.346] [main/DEBUG] [oshi.util.FileUtil/]: No oshi.architecture.properties file found from ClassLoader cpw.mods.modlauncher.TransformingClassLoader@77bc2e16
[08May2026 16:01:19.598] [pool-4-thread-1/DEBUG] [net.minecraftforge.coremod.transformer.CoreModBaseTransformer/COREMOD]: Transforming net/minecraft/world/entity/EntityType
[08May2026 16:01:19.989] [pool-4-thread-1/DEBUG] [net.minecraftforge.coremod.transformer.CoreModBaseTransformer/COREMOD]: Transforming net/minecraft/world/level/block/LiquidBlock
[08May2026 16:01:20.016] [pool-4-thread-1/DEBUG] [net.minecraftforge.coremod.transformer.CoreModBaseTransformer/COREMOD]: Transforming net/minecraft/world/level/block/StairBlock
[08May2026 16:01:20.061] [pool-4-thread-1/DEBUG] [net.minecraftforge.coremod.transformer.CoreModBaseTransformer/COREMOD]: Transforming net/minecraft/world/level/block/FlowerPotBlock
[08May2026 16:01:20.564] [pool-4-thread-1/DEBUG] [net.minecraftforge.coremod.transformer.CoreModBaseTransformer/COREMOD]: Transforming net/minecraft/world/item/ItemStack
[08May2026 16:01:20.954] [pool-4-thread-1/DEBUG] [net.minecraftforge.coremod.transformer.CoreModBaseTransformer/COREMOD]: Transforming net/minecraft/world/entity/animal/frog/Tadpole
[08May2026 16:01:20.987] [pool-4-thread-1/DEBUG] [net.minecraftforge.coremod.transformer.CoreModBaseTransformer/COREMOD]: Transforming net/minecraft/world/item/BucketItem
[08May2026 16:01:21.585] [pool-4-thread-1/DEBUG] [net.minecraftforge.coremod.transformer.CoreModBaseTransformer/COREMOD]: Transforming net/minecraft/world/entity/monster/Spider
[08May2026 16:01:21.624] [pool-4-thread-1/DEBUG] [net.minecraftforge.coremod.transformer.CoreModBaseTransformer/COREMOD]: Transforming net/minecraft/world/entity/monster/Zombie
[08May2026 16:01:21.645] [Datafixer Bootstrap/INFO] [com.mojang.datafixers.DataFixerBuilder/]: 188 Datafixer optimizations took 121 milliseconds
[08May2026 16:01:21.661] [pool-4-thread-1/DEBUG] [net.minecraftforge.coremod.transformer.CoreModBaseTransformer/COREMOD]: Transforming net/minecraft/world/entity/monster/ZombieVillager
[08May2026 16:01:21.702] [pool-4-thread-1/DEBUG] [net.minecraftforge.coremod.transformer.CoreModBaseTransformer/COREMOD]: Transforming net/minecraft/world/entity/monster/Evoker$EvokerSummonSpellGoal
[08May2026 16:01:21.926] [pool-4-thread-1/DEBUG] [net.minecraftforge.coremod.transformer.CoreModBaseTransformer/COREMOD]: Transforming net/minecraft/world/entity/animal/horse/SkeletonTrapGoal
[08May2026 16:01:21.941] [pool-4-thread-1/DEBUG] [net.minecraftforge.coremod.transformer.CoreModBaseTransformer/COREMOD]: Transforming net/minecraft/world/entity/monster/Strider
[08May2026 16:01:22.059] [pool-4-thread-1/DEBUG] [net.minecraftforge.coremod.transformer.CoreModBaseTransformer/COREMOD]: Transforming net/minecraft/world/entity/npc/Villager
[08May2026 16:01:22.125] [pool-4-thread-1/DEBUG] [net.minecraftforge.coremod.transformer.CoreModBaseTransformer/COREMOD]: Transforming net/minecraft/world/effect/MobEffectInstance
[08May2026 16:01:22.598] [pool-4-thread-1/DEBUG] [net.minecraftforge.coremod.transformer.CoreModBaseTransformer/COREMOD]: Transforming net/minecraft/world/level/levelgen/structure/Structure
[08May2026 16:01:22.638] [pool-4-thread-1/DEBUG] [net.minecraftforge.coremod.transformer.CoreModBaseTransformer/COREMOD]: Transforming net/minecraft/world/level/levelgen/structure/structures/OceanRuinPieces$OceanRuinPiece
[08May2026 16:01:22.655] [pool-4-thread-1/DEBUG] [net.minecraftforge.coremod.transformer.CoreModBaseTransformer/COREMOD]: Transforming net/minecraft/world/level/levelgen/structure/structures/SwampHutPiece
[08May2026 16:01:22.666] [pool-4-thread-1/DEBUG] [net.minecraftforge.coremod.transformer.CoreModBaseTransformer/COREMOD]: Transforming net/minecraft/world/level/levelgen/structure/structures/OceanMonumentPieces$OceanMonumentPiece
[08May2026 16:01:22.700] [pool-4-thread-1/DEBUG] [net.minecraftforge.coremod.transformer.CoreModBaseTransformer/COREMOD]: Transforming net/minecraft/world/level/levelgen/structure/structures/WoodlandMansionPieces$WoodlandMansionPiece
[08May2026 16:01:22.795] [pool-4-thread-1/DEBUG] [net.minecraftforge.coremod.transformer.CoreModBaseTransformer/COREMOD]: Transforming net/minecraft/world/level/biome/Biome
[08May2026 16:01:22.966] [pool-4-thread-1/DEBUG] [net.minecraftforge.registries.GameData/REGISTRIES]: Creating vanilla freeze snapshot
[08May2026 16:01:22.968] [pool-4-thread-1/DEBUG] [net.minecraftforge.registries.ForgeRegistry/REGISTRIES]: Registry minecraft:block Sync: VANILLA -> ACTIVE
[08May2026 16:01:22.978] [pool-4-thread-1/DEBUG] [net.minecraftforge.registries.ForgeRegistry/REGISTRIES]: Registry minecraft:fluid Sync: VANILLA -> ACTIVE
[08May2026 16:01:22.978] [pool-4-thread-1/DEBUG] [net.minecraftforge.registries.ForgeRegistry/REGISTRIES]: Registry minecraft:item Sync: VANILLA -> ACTIVE
[08May2026 16:01:22.987] [pool-4-thread-1/DEBUG] [net.minecraftforge.registries.ForgeRegistry/REGISTRIES]: Registry minecraft:mob_effect Sync: VANILLA -> ACTIVE
[08May2026 16:01:22.987] [pool-4-thread-1/DEBUG] [net.minecraftforge.registries.ForgeRegistry/REGISTRIES]: Registry minecraft:sound_event Sync: VANILLA -> ACTIVE
[08May2026 16:01:22.994] [pool-4-thread-1/DEBUG] [net.minecraftforge.registries.ForgeRegistry/REGISTRIES]: Registry minecraft:potion Sync: VANILLA -> ACTIVE
[08May2026 16:01:22.995] [pool-4-thread-1/DEBUG] [net.minecraftforge.registries.ForgeRegistry/REGISTRIES]: Registry minecraft:enchantment Sync: VANILLA -> ACTIVE
[08May2026 16:01:22.995] [pool-4-thread-1/DEBUG] [net.minecraftforge.registries.ForgeRegistry/REGISTRIES]: Registry minecraft:entity_type Sync: VANILLA -> ACTIVE
[08May2026 16:01:22.996] [pool-4-thread-1/DEBUG] [net.minecraftforge.registries.ForgeRegistry/REGISTRIES]: Registry minecraft:block_entity_type Sync: VANILLA -> ACTIVE
[08May2026 16:01:22.996] [pool-4-thread-1/DEBUG] [net.minecraftforge.registries.ForgeRegistry/REGISTRIES]: Registry minecraft:particle_type Sync: VANILLA -> ACTIVE
[08May2026 16:01:22.997] [pool-4-thread-1/DEBUG] [net.minecraftforge.registries.ForgeRegistry/REGISTRIES]: Registry minecraft:menu Sync: VANILLA -> ACTIVE
[08May2026 16:01:22.997] [pool-4-thread-1/DEBUG] [net.minecraftforge.registries.ForgeRegistry/REGISTRIES]: Registry minecraft:painting_variant Sync: VANILLA -> ACTIVE
[08May2026 16:01:22.997] [pool-4-thread-1/DEBUG] [net.minecraftforge.registries.ForgeRegistry/REGISTRIES]: Registry minecraft:recipe_type Sync: VANILLA -> ACTIVE
[08May2026 16:01:22.998] [pool-4-thread-1/DEBUG] [net.minecraftforge.registries.ForgeRegistry/REGISTRIES]: Registry minecraft:recipe_serializer Sync: VANILLA -> ACTIVE
[08May2026 16:01:22.998] [pool-4-thread-1/DEBUG] [net.minecraftforge.registries.ForgeRegistry/REGISTRIES]: Registry minecraft:attribute Sync: VANILLA -> ACTIVE
[08May2026 16:01:22.998] [pool-4-thread-1/DEBUG] [net.minecraftforge.registries.ForgeRegistry/REGISTRIES]: Registry minecraft:stat_type Sync: VANILLA -> ACTIVE
[08May2026 16:01:22.998] [pool-4-thread-1/DEBUG] [net.minecraftforge.registries.ForgeRegistry/REGISTRIES]: Registry minecraft:command_argument_type Sync: VANILLA -> ACTIVE
[08May2026 16:01:22.998] [pool-4-thread-1/DEBUG] [net.minecraftforge.registries.ForgeRegistry/REGISTRIES]: Registry minecraft:villager_profession Sync: VANILLA -> ACTIVE
[08May2026 16:01:22.999] [pool-4-thread-1/DEBUG] [net.minecraftforge.registries.ForgeRegistry/REGISTRIES]: Registry minecraft:point_of_interest_type Sync: VANILLA -> ACTIVE
[08May2026 16:01:23.002] [pool-4-thread-1/DEBUG] [net.minecraftforge.registries.ForgeRegistry/REGISTRIES]: Registry minecraft:memory_module_type Sync: VANILLA -> ACTIVE
[08May2026 16:01:23.003] [pool-4-thread-1/DEBUG] [net.minecraftforge.registries.ForgeRegistry/REGISTRIES]: Registry minecraft:sensor_type Sync: VANILLA -> ACTIVE
[08May2026 16:01:23.003] [pool-4-thread-1/DEBUG] [net.minecraftforge.registries.ForgeRegistry/REGISTRIES]: Registry minecraft:schedule Sync: VANILLA -> ACTIVE
[08May2026 16:01:23.003] [pool-4-thread-1/DEBUG] [net.minecraftforge.registries.ForgeRegistry/REGISTRIES]: Registry minecraft:activity Sync: VANILLA -> ACTIVE
[08May2026 16:01:23.004] [pool-4-thread-1/DEBUG] [net.minecraftforge.registries.ForgeRegistry/REGISTRIES]: Registry minecraft:worldgen/carver Sync: VANILLA -> ACTIVE
[08May2026 16:01:23.004] [pool-4-thread-1/DEBUG] [net.minecraftforge.registries.ForgeRegistry/REGISTRIES]: Registry minecraft:worldgen/feature Sync: VANILLA -> ACTIVE
[08May2026 16:01:23.004] [pool-4-thread-1/DEBUG] [net.minecraftforge.registries.ForgeRegistry/REGISTRIES]: Registry minecraft:chunk_status Sync: VANILLA -> ACTIVE
[08May2026 16:01:23.005] [pool-4-thread-1/DEBUG] [net.minecraftforge.registries.ForgeRegistry/REGISTRIES]: Registry minecraft:worldgen/block_state_provider_type Sync: VANILLA -> ACTIVE
[08May2026 16:01:23.005] [pool-4-thread-1/DEBUG] [net.minecraftforge.registries.ForgeRegistry/REGISTRIES]: Registry minecraft:worldgen/foliage_placer_type Sync: VANILLA -> ACTIVE
[08May2026 16:01:23.005] [pool-4-thread-1/DEBUG] [net.minecraftforge.registries.ForgeRegistry/REGISTRIES]: Registry minecraft:worldgen/tree_decorator_type Sync: VANILLA -> ACTIVE
[08May2026 16:01:23.005] [pool-4-thread-1/DEBUG] [net.minecraftforge.registries.ForgeRegistry/REGISTRIES]: Registry minecraft:worldgen/biome Sync: VANILLA -> ACTIVE
[08May2026 16:01:23.013] [pool-4-thread-1/DEBUG] [net.minecraftforge.registries.GameData/REGISTRIES]: Vanilla freeze snapshot created
[08May2026 16:01:23.236] [Render thread/WARN] [net.minecraft.server.packs.VanillaPackResourcesBuilder/]: Assets URL 'union:/C:/Users/Owner/.gradle/caches/forge_gradle/minecraft_user_repo/net/minecraftforge/forge/1.20.1-47.0.19_mapped_parchment_2023.06.26-1.20.1/forge-1.20.1-47.0.19_mapped_parchment_2023.06.26-1.20.1-recomp.jar%23191!/assets/.mcassetsroot' uses unexpected schema
[08May2026 16:01:23.236] [Render thread/WARN] [net.minecraft.server.packs.VanillaPackResourcesBuilder/]: Assets URL 'union:/C:/Users/Owner/.gradle/caches/forge_gradle/minecraft_user_repo/net/minecraftforge/forge/1.20.1-47.0.19_mapped_parchment_2023.06.26-1.20.1/forge-1.20.1-47.0.19_mapped_parchment_2023.06.26-1.20.1-recomp.jar%23191!/data/.mcassetsroot' uses unexpected schema
[08May2026 16:01:23.250] [Render thread/INFO] [com.mojang.authlib.yggdrasil.YggdrasilAuthenticationService/]: Environment: authHost='https://authserver.mojang.com', accountsHost='https://api.mojang.com', sessionHost='https://sessionserver.mojang.com', servicesHost='https://api.minecraftservices.com', name='PROD'
[08May2026 16:01:23.257] [Render thread/INFO] [net.minecraft.client.Minecraft/]: Setting user: Dev
[08May2026 16:01:23.348] [Render thread/INFO] [net.minecraft.client.Minecraft/]: Backend library: LWJGL version 3.3.1 build 7
[08May2026 16:01:23.530] [Render thread/DEBUG] [net.minecraftforge.common.ForgeI18n/CORE]: Loading I18N data entries: 6426
[08May2026 16:01:23.548] [Render thread/DEBUG] [net.minecraftforge.fml.ModWorkManager/LOADING]: Using 12 threads for parallel mod-loading
[08May2026 16:01:23.561] [Render thread/DEBUG] [net.minecraftforge.fml.javafmlmod.FMLJavaModLanguageProvider/LOADING]: Loading FMLModContainer from classloader cpw.mods.modlauncher.TransformingClassLoader@77bc2e16 - got cpw.mods.cl.ModuleClassLoader@4a9486c0
[08May2026 16:01:23.561] [Render thread/DEBUG] [net.minecraftforge.fml.javafmlmod.FMLModContainer/LOADING]: Creating FMLModContainer instance for net.PvZModders.PvZMod.PvZ2Mod
[08May2026 16:01:23.567] [Render thread/DEBUG] [net.minecraftforge.fml.javafmlmod.FMLJavaModLanguageProvider/LOADING]: Loading FMLModContainer from classloader cpw.mods.modlauncher.TransformingClassLoader@77bc2e16 - got cpw.mods.cl.ModuleClassLoader@4a9486c0
[08May2026 16:01:23.567] [Render thread/DEBUG] [net.minecraftforge.fml.javafmlmod.FMLModContainer/LOADING]: Creating FMLModContainer instance for net.minecraftforge.common.ForgeMod
[08May2026 16:01:23.601] [modloading-worker-0/DEBUG] [net.minecraftforge.versions.forge.ForgeVersion/CORE]: Forge Version package package net.minecraftforge.versions.forge, Forge, version 47.0 from cpw.mods.modlauncher.TransformingClassLoader@77bc2e16
[08May2026 16:01:23.602] [modloading-worker-0/DEBUG] [net.minecraftforge.versions.forge.ForgeVersion/CORE]: Found Forge version 47.0.19
[08May2026 16:01:23.602] [modloading-worker-0/DEBUG] [net.minecraftforge.versions.forge.ForgeVersion/CORE]: Found Forge spec 47.0
[08May2026 16:01:23.602] [modloading-worker-0/DEBUG] [net.minecraftforge.versions.forge.ForgeVersion/CORE]: Found Forge group net.minecraftforge
[08May2026 16:01:23.606] [modloading-worker-0/DEBUG] [net.minecraftforge.versions.mcp.MCPVersion/CORE]: MCP Version package package net.minecraftforge.versions.mcp, Minecraft, version 1.20.1 from cpw.mods.modlauncher.TransformingClassLoader@77bc2e16
[08May2026 16:01:23.606] [modloading-worker-0/DEBUG] [net.minecraftforge.versions.mcp.MCPVersion/CORE]: Found MC version information 1.20.1
[08May2026 16:01:23.606] [modloading-worker-0/DEBUG] [net.minecraftforge.versions.mcp.MCPVersion/CORE]: Found MCP version information 20230612.114412
[08May2026 16:01:23.606] [modloading-worker-0/INFO] [net.minecraftforge.common.ForgeMod/FORGEMOD]: Forge mod loading, version 47.0.19, for MC 1.20.1 with MCP 20230612.114412
[08May2026 16:01:23.609] [modloading-worker-0/INFO] [net.minecraftforge.common.MinecraftForge/FORGE]: MinecraftForge v47.0.19 Initialized
[08May2026 16:01:23.717] [modloading-worker-0/DEBUG] [io.netty.util.internal.PlatformDependent0/]: -Dio.netty.noUnsafe: false
[08May2026 16:01:23.717] [modloading-worker-0/DEBUG] [net.minecraftforge.fml.javafmlmod.AutomaticEventSubscriber/LOADING]: Attempting to inject @EventBusSubscriber classes into the eventbus for pvz2mod
[08May2026 16:01:23.717] [modloading-worker-0/DEBUG] [io.netty.util.internal.PlatformDependent0/]: Java version: 17
[08May2026 16:01:23.718] [modloading-worker-0/DEBUG] [io.netty.util.internal.PlatformDependent0/]: sun.misc.Unsafe.theUnsafe: available
[08May2026 16:01:23.719] [modloading-worker-0/DEBUG] [io.netty.util.internal.PlatformDependent0/]: sun.misc.Unsafe.copyMemory: available
[08May2026 16:01:23.720] [modloading-worker-0/DEBUG] [io.netty.util.internal.PlatformDependent0/]: sun.misc.Unsafe.storeFence: available
[08May2026 16:01:23.721] [modloading-worker-0/DEBUG] [io.netty.util.internal.PlatformDependent0/]: java.nio.Buffer.address: available
[08May2026 16:01:23.721] [modloading-worker-0/DEBUG] [io.netty.util.internal.PlatformDependent0/]: direct buffer constructor: unavailable
java.lang.UnsupportedOperationException: Reflective setAccessible(true) disabled
	at io.netty.util.internal.ReflectionUtil.trySetAccessible(ReflectionUtil.java:31) ~[netty-common-4.1.82.Final.jar%23151!/:4.1.82.Final]
	at io.netty.util.internal.PlatformDependent0$5.run(PlatformDependent0.java:288) ~[netty-common-4.1.82.Final.jar%23151!/:4.1.82.Final]
	at java.security.AccessController.doPrivileged(AccessController.java:318) ~[?:?]
	at io.netty.util.internal.PlatformDependent0.<clinit>(PlatformDependent0.java:282) ~[netty-common-4.1.82.Final.jar%23151!/:4.1.82.Final]
	at io.netty.util.internal.PlatformDependent.isAndroid(PlatformDependent.java:333) ~[netty-common-4.1.82.Final.jar%23151!/:4.1.82.Final]
	at io.netty.util.internal.PlatformDependent.<clinit>(PlatformDependent.java:88) ~[netty-common-4.1.82.Final.jar%23151!/:4.1.82.Final]
	at io.netty.util.ConstantPool.<init>(ConstantPool.java:34) ~[netty-common-4.1.82.Final.jar%23151!/:4.1.82.Final]
	at io.netty.util.AttributeKey$1.<init>(AttributeKey.java:27) ~[netty-common-4.1.82.Final.jar%23151!/:4.1.82.Final]
	at io.netty.util.AttributeKey.<clinit>(AttributeKey.java:27) ~[netty-common-4.1.82.Final.jar%23151!/:4.1.82.Final]
	at net.minecraftforge.network.NetworkConstants.<clinit>(NetworkConstants.java:34) ~[forge-1.20.1-47.0.19_mapped_parchment_2023.06.26-1.20.1-recomp.jar%23190%23197!/:?]
	at net.minecraftforge.common.ForgeMod.<init>(ForgeMod.java:429) ~[forge-1.20.1-47.0.19_mapped_parchment_2023.06.26-1.20.1-recomp.jar%23190%23197!/:?]
	at jdk.internal.reflect.NativeConstructorAccessorImpl.newInstance0(Native Method) ~[?:?]
	at jdk.internal.reflect.NativeConstructorAccessorImpl.newInstance(NativeConstructorAccessorImpl.java:77) ~[?:?]
	at jdk.internal.reflect.DelegatingConstructorAccessorImpl.newInstance(DelegatingConstructorAccessorImpl.java:45) ~[?:?]
	at java.lang.reflect.Constructor.newInstanceWithCaller(Constructor.java:500) ~[?:?]
	at java.lang.reflect.Constructor.newInstance(Constructor.java:481) ~[?:?]
	at net.minecraftforge.fml.javafmlmod.FMLModContainer.constructMod(FMLModContainer.java:68) ~[javafmllanguage-1.20.1-47.0.19.jar%23192!/:?]
	at net.minecraftforge.fml.ModContainer.lambda$buildTransitionHandler$10(ModContainer.java:123) ~[fmlcore-1.20.1-47.0.19.jar%23195!/:?]
	at java.util.concurrent.CompletableFuture$AsyncRun.run(CompletableFuture.java:1804) ~[?:?]
	at java.util.concurrent.CompletableFuture$AsyncRun.exec(CompletableFuture.java:1796) ~[?:?]
	at java.util.concurrent.ForkJoinTask.doExec(ForkJoinTask.java:373) ~[?:?]
	at java.util.concurrent.ForkJoinPool$WorkQueue.topLevelExec(ForkJoinPool.java:1182) ~[?:?]
	at java.util.concurrent.ForkJoinPool.scan(ForkJoinPool.java:1655) ~[?:?]
	at java.util.concurrent.ForkJoinPool.runWorker(ForkJoinPool.java:1622) ~[?:?]
	at java.util.concurrent.ForkJoinWorkerThread.run(ForkJoinWorkerThread.java:165) ~[?:?]
[08May2026 16:01:23.726] [modloading-worker-0/DEBUG] [io.netty.util.internal.PlatformDependent0/]: java.nio.Bits.unaligned: available, true
[08May2026 16:01:23.727] [modloading-worker-0/DEBUG] [net.minecraftforge.fml.javafmlmod.AutomaticEventSubscriber/LOADING]: Auto-subscribing net.PvZModders.PvZMod.client.ClientGardenAtmosphereHandler to FORGE
[08May2026 16:01:23.728] [modloading-worker-0/DEBUG] [io.netty.util.internal.PlatformDependent0/]: jdk.internal.misc.Unsafe.allocateUninitializedArray(int): unavailable
java.lang.IllegalAccessException: class io.netty.util.internal.PlatformDependent0$7 (in module io.netty.common) cannot access class jdk.internal.misc.Unsafe (in module java.base) because module java.base does not export jdk.internal.misc to module io.netty.common
	at jdk.internal.reflect.Reflection.newIllegalAccessException(Reflection.java:392) ~[?:?]
	at java.lang.reflect.AccessibleObject.checkAccess(AccessibleObject.java:674) ~[?:?]
	at java.lang.reflect.Method.invoke(Method.java:561) ~[?:?]
	at io.netty.util.internal.PlatformDependent0$7.run(PlatformDependent0.java:410) ~[netty-common-4.1.82.Final.jar%23151!/:4.1.82.Final]
	at java.security.AccessController.doPrivileged(AccessController.java:318) ~[?:?]
	at io.netty.util.internal.PlatformDependent0.<clinit>(PlatformDependent0.java:401) ~[netty-common-4.1.82.Final.jar%23151!/:4.1.82.Final]
	at io.netty.util.internal.PlatformDependent.isAndroid(PlatformDependent.java:333) ~[netty-common-4.1.82.Final.jar%23151!/:4.1.82.Final]
	at io.netty.util.internal.PlatformDependent.<clinit>(PlatformDependent.java:88) ~[netty-common-4.1.82.Final.jar%23151!/:4.1.82.Final]
	at io.netty.util.ConstantPool.<init>(ConstantPool.java:34) ~[netty-common-4.1.82.Final.jar%23151!/:4.1.82.Final]
	at io.netty.util.AttributeKey$1.<init>(AttributeKey.java:27) ~[netty-common-4.1.82.Final.jar%23151!/:4.1.82.Final]
	at io.netty.util.AttributeKey.<clinit>(AttributeKey.java:27) ~[netty-common-4.1.82.Final.jar%23151!/:4.1.82.Final]
	at net.minecraftforge.network.NetworkConstants.<clinit>(NetworkConstants.java:34) ~[forge-1.20.1-47.0.19_mapped_parchment_2023.06.26-1.20.1-recomp.jar%23190%23197!/:?]
	at net.minecraftforge.common.ForgeMod.<init>(ForgeMod.java:429) ~[forge-1.20.1-47.0.19_mapped_parchment_2023.06.26-1.20.1-recomp.jar%23190%23197!/:?]
	at jdk.internal.reflect.NativeConstructorAccessorImpl.newInstance0(Native Method) ~[?:?]
	at jdk.internal.reflect.NativeConstructorAccessorImpl.newInstance(NativeConstructorAccessorImpl.java:77) ~[?:?]
	at jdk.internal.reflect.DelegatingConstructorAccessorImpl.newInstance(DelegatingConstructorAccessorImpl.java:45) ~[?:?]
	at java.lang.reflect.Constructor.newInstanceWithCaller(Constructor.java:500) ~[?:?]
	at java.lang.reflect.Constructor.newInstance(Constructor.java:481) ~[?:?]
	at net.minecraftforge.fml.javafmlmod.FMLModContainer.constructMod(FMLModContainer.java:68) ~[javafmllanguage-1.20.1-47.0.19.jar%23192!/:?]
	at net.minecraftforge.fml.ModContainer.lambda$buildTransitionHandler$10(ModContainer.java:123) ~[fmlcore-1.20.1-47.0.19.jar%23195!/:?]
	at java.util.concurrent.CompletableFuture$AsyncRun.run(CompletableFuture.java:1804) ~[?:?]
	at java.util.concurrent.CompletableFuture$AsyncRun.exec(CompletableFuture.java:1796) ~[?:?]
	at java.util.concurrent.ForkJoinTask.doExec(ForkJoinTask.java:373) ~[?:?]
	at java.util.concurrent.ForkJoinPool$WorkQueue.topLevelExec(ForkJoinPool.java:1182) ~[?:?]
	at java.util.concurrent.ForkJoinPool.scan(ForkJoinPool.java:1655) ~[?:?]
	at java.util.concurrent.ForkJoinPool.runWorker(ForkJoinPool.java:1622) ~[?:?]
	at java.util.concurrent.ForkJoinWorkerThread.run(ForkJoinWorkerThread.java:165) ~[?:?]
[08May2026 16:01:23.729] [modloading-worker-0/DEBUG] [io.netty.util.internal.PlatformDependent0/]: java.nio.DirectByteBuffer.<init>(long, int): unavailable
[08May2026 16:01:23.729] [modloading-worker-0/DEBUG] [io.netty.util.internal.PlatformDependent/]: sun.misc.Unsafe: available
[08May2026 16:01:23.730] [modloading-worker-0/DEBUG] [io.netty.util.internal.PlatformDependent/]: maxDirectMemory: 8573157376 bytes (maybe)
[08May2026 16:01:23.731] [modloading-worker-0/DEBUG] [io.netty.util.internal.PlatformDependent/]: -Dio.netty.tmpdir: C:\Users\Owner\AppData\Local\Temp (java.io.tmpdir)
[08May2026 16:01:23.731] [modloading-worker-0/DEBUG] [io.netty.util.internal.PlatformDependent/]: -Dio.netty.bitMode: 64 (sun.arch.data.model)
[08May2026 16:01:23.732] [modloading-worker-0/DEBUG] [io.netty.util.internal.PlatformDependent/]: Platform: Windows
[08May2026 16:01:23.733] [modloading-worker-0/DEBUG] [io.netty.util.internal.PlatformDependent/]: -Dio.netty.maxDirectMemory: -1 bytes
[08May2026 16:01:23.733] [modloading-worker-0/DEBUG] [io.netty.util.internal.PlatformDependent/]: -Dio.netty.uninitializedArrayAllocationThreshold: -1
[08May2026 16:01:23.734] [modloading-worker-0/DEBUG] [io.netty.util.internal.CleanerJava9/]: java.nio.ByteBuffer.cleaner(): available
[08May2026 16:01:23.735] [modloading-worker-0/DEBUG] [io.netty.util.internal.PlatformDependent/]: -Dio.netty.noPreferDirect: false
[08May2026 16:01:23.736] [modloading-worker-0/DEBUG] [net.minecraftforge.fml.javafmlmod.AutomaticEventSubscriber/LOADING]: Auto-subscribing net.PvZModders.PvZMod.client.farfuture.JetpackInputHandler to FORGE
[08May2026 16:01:23.744] [modloading-worker-0/DEBUG] [net.minecraftforge.fml.javafmlmod.AutomaticEventSubscriber/LOADING]: Auto-subscribing net.PvZModders.PvZMod.client.GardenTeleportOverlay to FORGE
[08May2026 16:01:23.746] [modloading-worker-0/DEBUG] [net.minecraftforge.fml.javafmlmod.AutomaticEventSubscriber/LOADING]: Auto-subscribing net.PvZModders.PvZMod.client.MobHealthNameplateRenderer to FORGE
[08May2026 16:01:23.750] [modloading-worker-0/DEBUG] [net.minecraftforge.fml.javafmlmod.AutomaticEventSubscriber/LOADING]: Auto-subscribing net.PvZModders.PvZMod.client.seed.PlantHotbarHudOverlay to FORGE
[08May2026 16:01:23.753] [modloading-worker-0/DEBUG] [net.minecraftforge.fml.javafmlmod.AutomaticEventSubscriber/LOADING]: Auto-subscribing net.PvZModders.PvZMod.client.seed.SeedHotbarInputHandler to FORGE
[08May2026 16:01:23.760] [modloading-worker-0/DEBUG] [net.minecraftforge.fml.javafmlmod.AutomaticEventSubscriber/LOADING]: Auto-subscribing net.PvZModders.PvZMod.client.SunHudOverlay to FORGE
[08May2026 16:01:23.763] [modloading-worker-0/DEBUG] [net.minecraftforge.fml.javafmlmod.AutomaticEventSubscriber/LOADING]: Auto-subscribing net.PvZModders.PvZMod.command.PvZAliasCommand to FORGE
[08May2026 16:01:23.769] [modloading-worker-0/DEBUG] [net.minecraftforge.fml.javafmlmod.AutomaticEventSubscriber/LOADING]: Auto-subscribing net.PvZModders.PvZMod.command.PvZPortalCommand to FORGE
[08May2026 16:01:23.772] [modloading-worker-0/DEBUG] [net.minecraftforge.fml.javafmlmod.AutomaticEventSubscriber/LOADING]: Auto-subscribing net.PvZModders.PvZMod.command.PvZSunCommand to FORGE
[08May2026 16:01:23.774] [modloading-worker-0/DEBUG] [net.minecraftforge.fml.javafmlmod.AutomaticEventSubscriber/LOADING]: Auto-subscribing net.PvZModders.PvZMod.item.custom.TideShellItem to FORGE
[08May2026 16:01:23.774] [modloading-worker-0/DEBUG] [net.minecraftforge.common.ForgeMod/FORGEMOD]: Loading Network data for FML net version: FML3
[08May2026 16:01:23.779] [modloading-worker-0/DEBUG] [net.minecraftforge.fml.javafmlmod.AutomaticEventSubscriber/LOADING]: Auto-subscribing net.PvZModders.PvZMod.progression.dinosaur.JurassicDinosaurSpawner to FORGE
[08May2026 16:01:23.783] [modloading-worker-0/DEBUG] [net.minecraftforge.fml.javafmlmod.AutomaticEventSubscriber/LOADING]: Auto-subscribing net.PvZModders.PvZMod.progression.farfuture.JetpackManager to FORGE
[08May2026 16:01:23.785] [modloading-worker-0/DEBUG] [net.minecraftforge.fml.javafmlmod.AutomaticEventSubscriber/LOADING]: Auto-subscribing net.PvZModders.PvZMod.progression.greenhouse.GreenhouseCoinManager to FORGE
[08May2026 16:01:23.788] [modloading-worker-0/DEBUG] [net.minecraftforge.fml.javafmlmod.AutomaticEventSubscriber/LOADING]: Auto-subscribing net.PvZModders.PvZMod.progression.modernday.ModernDayEndSuppressionManager to FORGE
[08May2026 16:01:23.792] [modloading-worker-0/DEBUG] [net.minecraftforge.fml.javafmlmod.AutomaticEventSubscriber/LOADING]: Auto-subscribing net.PvZModders.PvZMod.progression.portal.GardenPortalStrongholdConverter to FORGE
[08May2026 16:01:23.793] [modloading-worker-0/DEBUG] [net.minecraftforge.fml.javafmlmod.AutomaticEventSubscriber/LOADING]: Auto-subscribing net.PvZModders.PvZMod.progression.seed.PlantEntityManager to FORGE
[08May2026 16:01:23.801] [modloading-worker-0/DEBUG] [net.minecraftforge.fml.config.ConfigTracker/CONFIG]: Config file forge-client.toml for forge tracking
[08May2026 16:01:23.801] [modloading-worker-0/DEBUG] [net.minecraftforge.fml.config.ConfigTracker/CONFIG]: Config file forge-server.toml for forge tracking
[08May2026 16:01:23.801] [modloading-worker-0/DEBUG] [net.minecraftforge.fml.ModLoadingContext/]: Attempted to register an empty config for type COMMON on mod forge
[08May2026 16:01:23.815] [modloading-worker-0/DEBUG] [net.minecraftforge.fml.javafmlmod.AutomaticEventSubscriber/LOADING]: Auto-subscribing net.PvZModders.PvZMod.progression.seed.SeedStorage to FORGE
[08May2026 16:01:23.821] [modloading-worker-0/DEBUG] [net.minecraftforge.fml.javafmlmod.AutomaticEventSubscriber/LOADING]: Attempting to inject @EventBusSubscriber classes into the eventbus for forge
[08May2026 16:01:23.821] [modloading-worker-0/DEBUG] [net.minecraftforge.fml.javafmlmod.AutomaticEventSubscriber/LOADING]: Auto-subscribing net.minecraftforge.common.ForgeSpawnEggItem$CommonHandler to MOD
[08May2026 16:01:23.823] [modloading-worker-0/DEBUG] [net.minecraftforge.fml.javafmlmod.AutomaticEventSubscriber/LOADING]: Auto-subscribing net.minecraftforge.common.ForgeSpawnEggItem$ColorRegisterHandler to MOD
[08May2026 16:01:23.823] [modloading-worker-0/DEBUG] [net.minecraftforge.fml.javafmlmod.AutomaticEventSubscriber/LOADING]: Auto-subscribing net.PvZModders.PvZMod.progression.sun.SunManager to FORGE
[08May2026 16:01:23.827] [modloading-worker-0/DEBUG] [net.minecraftforge.fml.javafmlmod.AutomaticEventSubscriber/LOADING]: Auto-subscribing net.minecraftforge.client.model.data.ModelDataManager to FORGE
[08May2026 16:01:23.828] [modloading-worker-0/DEBUG] [net.minecraftforge.fml.javafmlmod.AutomaticEventSubscriber/LOADING]: Auto-subscribing net.minecraftforge.client.ForgeHooksClient$ClientEvents to MOD
[08May2026 16:01:23.831] [modloading-worker-0/DEBUG] [net.minecraftforge.fml.javafmlmod.AutomaticEventSubscriber/LOADING]: Auto-subscribing net.PvZModders.PvZMod.progression.upgrades.PvZUpgradeSavedData to FORGE
[08May2026 16:01:23.835] [modloading-worker-0/DEBUG] [net.minecraftforge.fml.javafmlmod.AutomaticEventSubscriber/LOADING]: Auto-subscribing net.PvZModders.PvZMod.progression.waves.WildWestRailProtection to FORGE
[08May2026 16:01:23.837] [modloading-worker-0/DEBUG] [net.minecraftforge.fml.javafmlmod.AutomaticEventSubscriber/LOADING]: Auto-subscribing net.minecraftforge.client.ClientForgeMod to MOD
[08May2026 16:01:23.841] [modloading-worker-0/DEBUG] [net.minecraftforge.fml.javafmlmod.AutomaticEventSubscriber/LOADING]: Auto-subscribing net.PvZModders.PvZMod.progression.zombies.PvZZombieEvents to FORGE
[08May2026 16:01:23.845] [modloading-worker-0/DEBUG] [net.minecraftforge.fml.javafmlmod.AutomaticEventSubscriber/LOADING]: Auto-subscribing net.PvZModders.PvZMod.PvZ2Mod$ClientModEvents to MOD
[08May2026 16:01:23.852] [modloading-worker-0/DEBUG] [net.minecraftforge.fml.javafmlmod.AutomaticEventSubscriber/LOADING]: Auto-subscribing net.PvZModders.PvZMod.world.PennyVanSpawner to FORGE
[08May2026 16:01:23.855] [modloading-worker-0/DEBUG] [net.minecraftforge.fml.javafmlmod.AutomaticEventSubscriber/LOADING]: Auto-subscribing net.PvZModders.PvZMod.world.PvZWorldSpawnHandler to FORGE
[08May2026 16:01:23.857] [modloading-worker-0/DEBUG] [net.minecraftforge.fml.javafmlmod.AutomaticEventSubscriber/LOADING]: Auto-subscribing net.PvZModders.PvZMod.world.ZombieWaveDevEvents to FORGE
[08May2026 16:01:23.884] [Render thread/DEBUG] [net.minecraftforge.registries.ObjectHolderRegistry/REGISTRIES]: Processing ObjectHolder annotations
[08May2026 16:01:23.905] [Render thread/DEBUG] [net.minecraftforge.registries.ObjectHolderRegistry/REGISTRIES]: Found 4239 ObjectHolder annotations
[08May2026 16:01:23.913] [Render thread/DEBUG] [net.minecraftforge.common.capabilities.CapabilityManager/CAPABILITIES]: Attempting to automatically register: Lnet/minecraftforge/energy/IEnergyStorage;
[08May2026 16:01:23.914] [Render thread/DEBUG] [net.minecraftforge.common.capabilities.CapabilityManager/CAPABILITIES]: Attempting to automatically register: Lnet/minecraftforge/fluids/capability/IFluidHandler;
[08May2026 16:01:23.914] [Render thread/DEBUG] [net.minecraftforge.common.capabilities.CapabilityManager/CAPABILITIES]: Attempting to automatically register: Lnet/minecraftforge/fluids/capability/IFluidHandlerItem;
[08May2026 16:01:23.914] [Render thread/DEBUG] [net.minecraftforge.common.capabilities.CapabilityManager/CAPABILITIES]: Attempting to automatically register: Lnet/minecraftforge/items/IItemHandler;
[08May2026 16:01:23.918] [Render thread/DEBUG] [net.minecraftforge.registries.GameData/REGISTRIES]: Unfreezing vanilla registries
[08May2026 16:01:23.922] [Render thread/DEBUG] [net.minecraftforge.registries.GameData/REGISTRIES]: Applying holder lookups: minecraft:sound_event
[08May2026 16:01:23.926] [Render thread/DEBUG] [net.minecraftforge.registries.GameData/REGISTRIES]: Holder lookups applied: minecraft:sound_event
[08May2026 16:01:23.926] [Render thread/DEBUG] [net.minecraftforge.registries.GameData/REGISTRIES]: Applying holder lookups: minecraft:fluid
[08May2026 16:01:23.927] [Render thread/DEBUG] [net.minecraftforge.registries.GameData/REGISTRIES]: Holder lookups applied: minecraft:fluid
[08May2026 16:01:23.935] [Render thread/DEBUG] [net.minecraftforge.registries.GameData/REGISTRIES]: Applying holder lookups: minecraft:block
[08May2026 16:01:23.937] [Render thread/DEBUG] [net.minecraftforge.registries.GameData/REGISTRIES]: Holder lookups applied: minecraft:block
[08May2026 16:01:23.937] [Render thread/DEBUG] [net.minecraftforge.registries.GameData/REGISTRIES]: Applying holder lookups: minecraft:attribute
[08May2026 16:01:23.938] [Render thread/DEBUG] [net.minecraftforge.registries.GameData/REGISTRIES]: Holder lookups applied: minecraft:attribute
[08May2026 16:01:23.938] [Render thread/DEBUG] [net.minecraftforge.registries.GameData/REGISTRIES]: Applying holder lookups: minecraft:mob_effect
[08May2026 16:01:23.939] [Render thread/DEBUG] [net.minecraftforge.registries.GameData/REGISTRIES]: Holder lookups applied: minecraft:mob_effect
[08May2026 16:01:23.939] [Render thread/DEBUG] [net.minecraftforge.registries.GameData/REGISTRIES]: Applying holder lookups: minecraft:particle_type
[08May2026 16:01:23.940] [Render thread/DEBUG] [net.minecraftforge.registries.GameData/REGISTRIES]: Holder lookups applied: minecraft:particle_type
[08May2026 16:01:23.950] [Render thread/DEBUG] [net.minecraftforge.registries.GameData/REGISTRIES]: Applying holder lookups: minecraft:item
[08May2026 16:01:23.953] [Render thread/DEBUG] [net.minecraftforge.registries.GameData/REGISTRIES]: Holder lookups applied: minecraft:item
[08May2026 16:01:23.972] [Render thread/DEBUG] [net.minecraftforge.registries.GameData/REGISTRIES]: Applying holder lookups: minecraft:entity_type
[08May2026 16:01:23.974] [Render thread/DEBUG] [net.minecraftforge.registries.GameData/REGISTRIES]: Holder lookups applied: minecraft:entity_type
[08May2026 16:01:23.974] [Render thread/DEBUG] [net.minecraftforge.registries.GameData/REGISTRIES]: Applying holder lookups: minecraft:sensor_type
[08May2026 16:01:23.975] [Render thread/DEBUG] [net.minecraftforge.registries.GameData/REGISTRIES]: Holder lookups applied: minecraft:sensor_type
[08May2026 16:01:23.975] [Render thread/DEBUG] [net.minecraftforge.registries.GameData/REGISTRIES]: Applying holder lookups: minecraft:memory_module_type
[08May2026 16:01:23.976] [Render thread/DEBUG] [net.minecraftforge.registries.GameData/REGISTRIES]: Holder lookups applied: minecraft:memory_module_type
[08May2026 16:01:23.976] [Render thread/DEBUG] [net.minecraftforge.registries.GameData/REGISTRIES]: Applying holder lookups: minecraft:potion
[08May2026 16:01:23.977] [Render thread/DEBUG] [net.minecraftforge.registries.GameData/REGISTRIES]: Holder lookups applied: minecraft:potion
[08May2026 16:01:23.977] [Render thread/DEBUG] [net.minecraftforge.registries.GameData/REGISTRIES]: Applying holder lookups: minecraft:game_event
[08May2026 16:01:23.977] [Render thread/DEBUG] [net.minecraftforge.registries.GameData/REGISTRIES]: Holder lookups applied: minecraft:game_event
[08May2026 16:01:23.978] [Render thread/DEBUG] [net.minecraftforge.registries.GameData/REGISTRIES]: Applying holder lookups: minecraft:enchantment
[08May2026 16:01:23.978] [Render thread/DEBUG] [net.minecraftforge.registries.GameData/REGISTRIES]: Holder lookups applied: minecraft:enchantment
[08May2026 16:01:23.983] [Render thread/DEBUG] [net.minecraftforge.registries.GameData/REGISTRIES]: Applying holder lookups: minecraft:block_entity_type
[08May2026 16:01:23.984] [Render thread/DEBUG] [net.minecraftforge.registries.GameData/REGISTRIES]: Holder lookups applied: minecraft:block_entity_type
[08May2026 16:01:23.984] [Render thread/DEBUG] [net.minecraftforge.registries.GameData/REGISTRIES]: Applying holder lookups: minecraft:painting_variant
[08May2026 16:01:23.985] [Render thread/DEBUG] [net.minecraftforge.registries.GameData/REGISTRIES]: Holder lookups applied: minecraft:painting_variant
[08May2026 16:01:23.985] [Render thread/DEBUG] [net.minecraftforge.registries.GameData/REGISTRIES]: Applying holder lookups: minecraft:stat_type
[08May2026 16:01:23.985] [Render thread/DEBUG] [net.minecraftforge.registries.GameData/REGISTRIES]: Holder lookups applied: minecraft:stat_type
[08May2026 16:01:23.985] [Render thread/DEBUG] [net.minecraftforge.registries.GameData/REGISTRIES]: Applying holder lookups: minecraft:custom_stat
[08May2026 16:01:23.986] [Render thread/DEBUG] [net.minecraftforge.registries.GameData/REGISTRIES]: Holder lookups applied: minecraft:custom_stat
[08May2026 16:01:23.986] [Render thread/DEBUG] [net.minecraftforge.registries.GameData/REGISTRIES]: Applying holder lookups: minecraft:chunk_status
[08May2026 16:01:23.986] [Render thread/DEBUG] [net.minecraftforge.registries.GameData/REGISTRIES]: Holder lookups applied: minecraft:chunk_status
[08May2026 16:01:23.987] [Render thread/DEBUG] [net.minecraftforge.registries.GameData/REGISTRIES]: Applying holder lookups: minecraft:rule_test
[08May2026 16:01:23.987] [Render thread/DEBUG] [net.minecraftforge.registries.GameData/REGISTRIES]: Holder lookups applied: minecraft:rule_test
[08May2026 16:01:23.987] [Render thread/DEBUG] [net.minecraftforge.registries.GameData/REGISTRIES]: Applying holder lookups: minecraft:rule_block_entity_modifier
[08May2026 16:01:23.988] [Render thread/DEBUG] [net.minecraftforge.registries.GameData/REGISTRIES]: Holder lookups applied: minecraft:rule_block_entity_modifier
[08May2026 16:01:23.988] [Render thread/DEBUG] [net.minecraftforge.registries.GameData/REGISTRIES]: Applying holder lookups: minecraft:pos_rule_test
[08May2026 16:01:23.988] [Render thread/DEBUG] [net.minecraftforge.registries.GameData/REGISTRIES]: Holder lookups applied: minecraft:pos_rule_test
[08May2026 16:01:23.997] [Render thread/DEBUG] [net.minecraftforge.registries.GameData/REGISTRIES]: Applying holder lookups: minecraft:menu
[08May2026 16:01:23.998] [Render thread/DEBUG] [net.minecraftforge.registries.GameData/REGISTRIES]: Holder lookups applied: minecraft:menu
[08May2026 16:01:23.998] [Render thread/DEBUG] [net.minecraftforge.registries.GameData/REGISTRIES]: Applying holder lookups: minecraft:recipe_type
[08May2026 16:01:23.999] [Render thread/DEBUG] [net.minecraftforge.registries.GameData/REGISTRIES]: Holder lookups applied: minecraft:recipe_type
[08May2026 16:01:24.011] [Render thread/DEBUG] [net.minecraftforge.registries.GameData/REGISTRIES]: Applying holder lookups: minecraft:recipe_serializer
[08May2026 16:01:24.012] [Render thread/DEBUG] [net.minecraftforge.registries.GameData/REGISTRIES]: Holder lookups applied: minecraft:recipe_serializer
[08May2026 16:01:24.012] [Render thread/DEBUG] [net.minecraftforge.registries.GameData/REGISTRIES]: Applying holder lookups: minecraft:position_source_type
[08May2026 16:01:24.013] [Render thread/DEBUG] [net.minecraftforge.registries.GameData/REGISTRIES]: Holder lookups applied: minecraft:position_source_type
[08May2026 16:01:24.014] [Render thread/DEBUG] [net.minecraftforge.registries.GameData/REGISTRIES]: Applying holder lookups: minecraft:command_argument_type
[08May2026 16:01:24.014] [Render thread/DEBUG] [net.minecraftforge.registries.GameData/REGISTRIES]: Holder lookups applied: minecraft:command_argument_type
[08May2026 16:01:24.015] [Render thread/DEBUG] [net.minecraftforge.registries.GameData/REGISTRIES]: Applying holder lookups: minecraft:villager_type
[08May2026 16:01:24.015] [Render thread/DEBUG] [net.minecraftforge.registries.GameData/REGISTRIES]: Holder lookups applied: minecraft:villager_type
[08May2026 16:01:24.015] [Render thread/DEBUG] [net.minecraftforge.registries.GameData/REGISTRIES]: Applying holder lookups: minecraft:villager_profession
[08May2026 16:01:24.015] [Render thread/DEBUG] [net.minecraftforge.registries.GameData/REGISTRIES]: Holder lookups applied: minecraft:villager_profession
[08May2026 16:01:24.015] [Render thread/DEBUG] [net.minecraftforge.registries.GameData/REGISTRIES]: Applying holder lookups: minecraft:point_of_interest_type
[08May2026 16:01:24.016] [Render thread/DEBUG] [net.minecraftforge.registries.GameData/REGISTRIES]: Holder lookups applied: minecraft:point_of_interest_type
[08May2026 16:01:24.016] [Render thread/DEBUG] [net.minecraftforge.registries.GameData/REGISTRIES]: Applying holder lookups: minecraft:schedule
[08May2026 16:01:24.016] [Render thread/DEBUG] [net.minecraftforge.registries.GameData/REGISTRIES]: Holder lookups applied: minecraft:schedule
[08May2026 16:01:24.016] [Render thread/DEBUG] [net.minecraftforge.registries.GameData/REGISTRIES]: Applying holder lookups: minecraft:activity
[08May2026 16:01:24.016] [Render thread/DEBUG] [net.minecraftforge.registries.GameData/REGISTRIES]: Holder lookups applied: minecraft:activity
[08May2026 16:01:24.017] [Render thread/DEBUG] [net.minecraftforge.registries.GameData/REGISTRIES]: Applying holder lookups: minecraft:loot_pool_entry_type
[08May2026 16:01:24.017] [Render thread/DEBUG] [net.minecraftforge.registries.GameData/REGISTRIES]: Holder lookups applied: minecraft:loot_pool_entry_type
[08May2026 16:01:24.017] [Render thread/DEBUG] [net.minecraftforge.registries.GameData/REGISTRIES]: Applying holder lookups: minecraft:loot_function_type
[08May2026 16:01:24.017] [Render thread/DEBUG] [net.minecraftforge.registries.GameData/REGISTRIES]: Holder lookups applied: minecraft:loot_function_type
[08May2026 16:01:24.019] [Render thread/DEBUG] [net.minecraftforge.registries.GameData/REGISTRIES]: Applying holder lookups: minecraft:loot_condition_type
[08May2026 16:01:24.019] [Render thread/DEBUG] [net.minecraftforge.registries.GameData/REGISTRIES]: Holder lookups applied: minecraft:loot_condition_type
[08May2026 16:01:24.019] [Render thread/DEBUG] [net.minecraftforge.registries.GameData/REGISTRIES]: Applying holder lookups: minecraft:loot_number_provider_type
[08May2026 16:01:24.019] [Render thread/DEBUG] [net.minecraftforge.registries.GameData/REGISTRIES]: Holder lookups applied: minecraft:loot_number_provider_type
[08May2026 16:01:24.019] [Render thread/DEBUG] [net.minecraftforge.registries.GameData/REGISTRIES]: Applying holder lookups: minecraft:loot_nbt_provider_type
[08May2026 16:01:24.020] [Render thread/DEBUG] [net.minecraftforge.registries.GameData/REGISTRIES]: Holder lookups applied: minecraft:loot_nbt_provider_type
[08May2026 16:01:24.020] [Render thread/DEBUG] [net.minecraftforge.registries.GameData/REGISTRIES]: Applying holder lookups: minecraft:loot_score_provider_type
[08May2026 16:01:24.020] [Render thread/DEBUG] [net.minecraftforge.registries.GameData/REGISTRIES]: Holder lookups applied: minecraft:loot_score_provider_type
[08May2026 16:01:24.020] [Render thread/DEBUG] [net.minecraftforge.registries.GameData/REGISTRIES]: Applying holder lookups: minecraft:float_provider_type
[08May2026 16:01:24.020] [Render thread/DEBUG] [net.minecraftforge.registries.GameData/REGISTRIES]: Holder lookups applied: minecraft:float_provider_type
[08May2026 16:01:24.020] [Render thread/DEBUG] [net.minecraftforge.registries.GameData/REGISTRIES]: Applying holder lookups: minecraft:int_provider_type
[08May2026 16:01:24.020] [Render thread/DEBUG] [net.minecraftforge.registries.GameData/REGISTRIES]: Holder lookups applied: minecraft:int_provider_type
[08May2026 16:01:24.021] [Render thread/DEBUG] [net.minecraftforge.registries.GameData/REGISTRIES]: Applying holder lookups: minecraft:height_provider_type
[08May2026 16:01:24.021] [Render thread/DEBUG] [net.minecraftforge.registries.GameData/REGISTRIES]: Holder lookups applied: minecraft:height_provider_type
[08May2026 16:01:24.021] [Render thread/DEBUG] [net.minecraftforge.registries.GameData/REGISTRIES]: Applying holder lookups: minecraft:block_predicate_type
[08May2026 16:01:24.021] [Render thread/DEBUG] [net.minecraftforge.registries.GameData/REGISTRIES]: Holder lookups applied: minecraft:block_predicate_type
[08May2026 16:01:24.021] [Render thread/DEBUG] [net.minecraftforge.registries.GameData/REGISTRIES]: Applying holder lookups: minecraft:worldgen/carver
[08May2026 16:01:24.022] [Render thread/DEBUG] [net.minecraftforge.registries.GameData/REGISTRIES]: Holder lookups applied: minecraft:worldgen/carver
[08May2026 16:01:24.022] [Render thread/DEBUG] [net.minecraftforge.registries.GameData/REGISTRIES]: Applying holder lookups: minecraft:worldgen/feature
[08May2026 16:01:24.022] [Render thread/DEBUG] [net.minecraftforge.registries.GameData/REGISTRIES]: Holder lookups applied: minecraft:worldgen/feature
[08May2026 16:01:24.022] [Render thread/DEBUG] [net.minecraftforge.registries.GameData/REGISTRIES]: Applying holder lookups: minecraft:worldgen/structure_processor
[08May2026 16:01:24.022] [Render thread/DEBUG] [net.minecraftforge.registries.GameData/REGISTRIES]: Holder lookups applied: minecraft:worldgen/structure_processor
[08May2026 16:01:24.023] [Render thread/DEBUG] [net.minecraftforge.registries.GameData/REGISTRIES]: Applying holder lookups: minecraft:worldgen/structure_placement
[08May2026 16:01:24.023] [Render thread/DEBUG] [net.minecraftforge.registries.GameData/REGISTRIES]: Holder lookups applied: minecraft:worldgen/structure_placement
[08May2026 16:01:24.023] [Render thread/DEBUG] [net.minecraftforge.registries.GameData/REGISTRIES]: Applying holder lookups: minecraft:worldgen/structure_piece
[08May2026 16:01:24.023] [Render thread/DEBUG] [net.minecraftforge.registries.GameData/REGISTRIES]: Holder lookups applied: minecraft:worldgen/structure_piece
[08May2026 16:01:24.023] [Render thread/DEBUG] [net.minecraftforge.registries.GameData/REGISTRIES]: Applying holder lookups: minecraft:worldgen/structure_type
[08May2026 16:01:24.024] [Render thread/DEBUG] [net.minecraftforge.registries.GameData/REGISTRIES]: Holder lookups applied: minecraft:worldgen/structure_type
[08May2026 16:01:24.024] [Render thread/DEBUG] [net.minecraftforge.registries.GameData/REGISTRIES]: Applying holder lookups: minecraft:worldgen/placement_modifier_type
[08May2026 16:01:24.024] [Render thread/DEBUG] [net.minecraftforge.registries.GameData/REGISTRIES]: Holder lookups applied: minecraft:worldgen/placement_modifier_type
[08May2026 16:01:24.024] [Render thread/DEBUG] [net.minecraftforge.registries.GameData/REGISTRIES]: Applying holder lookups: minecraft:worldgen/block_state_provider_type
[08May2026 16:01:24.025] [Render thread/DEBUG] [net.minecraftforge.registries.GameData/REGISTRIES]: Holder lookups applied: minecraft:worldgen/block_state_provider_type
[08May2026 16:01:24.025] [Render thread/DEBUG] [net.minecraftforge.registries.GameData/REGISTRIES]: Applying holder lookups: minecraft:worldgen/foliage_placer_type
[08May2026 16:01:24.025] [Render thread/DEBUG] [net.minecraftforge.registries.GameData/REGISTRIES]: Holder lookups applied: minecraft:worldgen/foliage_placer_type
[08May2026 16:01:24.025] [Render thread/DEBUG] [net.minecraftforge.registries.GameData/REGISTRIES]: Applying holder lookups: minecraft:worldgen/trunk_placer_type
[08May2026 16:01:24.025] [Render thread/DEBUG] [net.minecraftforge.registries.GameData/REGISTRIES]: Holder lookups applied: minecraft:worldgen/trunk_placer_type
[08May2026 16:01:24.025] [Render thread/DEBUG] [net.minecraftforge.registries.GameData/REGISTRIES]: Applying holder lookups: minecraft:worldgen/root_placer_type
[08May2026 16:01:24.025] [Render thread/DEBUG] [net.minecraftforge.registries.GameData/REGISTRIES]: Holder lookups applied: minecraft:worldgen/root_placer_type
[08May2026 16:01:24.025] [Render thread/DEBUG] [net.minecraftforge.registries.GameData/REGISTRIES]: Applying holder lookups: minecraft:worldgen/tree_decorator_type
[08May2026 16:01:24.026] [Render thread/DEBUG] [net.minecraftforge.registries.GameData/REGISTRIES]: Holder lookups applied: minecraft:worldgen/tree_decorator_type
[08May2026 16:01:24.026] [Render thread/DEBUG] [net.minecraftforge.registries.GameData/REGISTRIES]: Applying holder lookups: minecraft:worldgen/feature_size_type
[08May2026 16:01:24.026] [Render thread/DEBUG] [net.minecraftforge.registries.GameData/REGISTRIES]: Holder lookups applied: minecraft:worldgen/feature_size_type
[08May2026 16:01:24.026] [Render thread/DEBUG] [net.minecraftforge.registries.GameData/REGISTRIES]: Applying holder lookups: minecraft:worldgen/biome_source
[08May2026 16:01:24.026] [Render thread/DEBUG] [net.minecraftforge.registries.GameData/REGISTRIES]: Holder lookups applied: minecraft:worldgen/biome_source
[08May2026 16:01:24.026] [Render thread/DEBUG] [net.minecraftforge.registries.GameData/REGISTRIES]: Applying holder lookups: minecraft:worldgen/chunk_generator
[08May2026 16:01:24.026] [Render thread/DEBUG] [net.minecraftforge.registries.GameData/REGISTRIES]: Holder lookups applied: minecraft:worldgen/chunk_generator
[08May2026 16:01:24.026] [Render thread/DEBUG] [net.minecraftforge.registries.GameData/REGISTRIES]: Applying holder lookups: minecraft:worldgen/material_condition
[08May2026 16:01:24.027] [Render thread/DEBUG] [net.minecraftforge.registries.GameData/REGISTRIES]: Holder lookups applied: minecraft:worldgen/material_condition
[08May2026 16:01:24.027] [Render thread/DEBUG] [net.minecraftforge.registries.GameData/REGISTRIES]: Applying holder lookups: minecraft:worldgen/material_rule
[08May2026 16:01:24.027] [Render thread/DEBUG] [net.minecraftforge.registries.GameData/REGISTRIES]: Holder lookups applied: minecraft:worldgen/material_rule
[08May2026 16:01:24.027] [Render thread/DEBUG] [net.minecraftforge.registries.GameData/REGISTRIES]: Applying holder lookups: minecraft:worldgen/density_function_type
[08May2026 16:01:24.027] [Render thread/DEBUG] [net.minecraftforge.registries.GameData/REGISTRIES]: Holder lookups applied: minecraft:worldgen/density_function_type
[08May2026 16:01:24.027] [Render thread/DEBUG] [net.minecraftforge.registries.GameData/REGISTRIES]: Applying holder lookups: minecraft:worldgen/structure_pool_element
[08May2026 16:01:24.027] [Render thread/DEBUG] [net.minecraftforge.registries.GameData/REGISTRIES]: Holder lookups applied: minecraft:worldgen/structure_pool_element
[08May2026 16:01:24.027] [Render thread/DEBUG] [net.minecraftforge.registries.GameData/REGISTRIES]: Applying holder lookups: minecraft:cat_variant
[08May2026 16:01:24.028] [Render thread/DEBUG] [net.minecraftforge.registries.GameData/REGISTRIES]: Holder lookups applied: minecraft:cat_variant
[08May2026 16:01:24.028] [Render thread/DEBUG] [net.minecraftforge.registries.GameData/REGISTRIES]: Applying holder lookups: minecraft:frog_variant
[08May2026 16:01:24.028] [Render thread/DEBUG] [net.minecraftforge.registries.GameData/REGISTRIES]: Holder lookups applied: minecraft:frog_variant
[08May2026 16:01:24.028] [Render thread/DEBUG] [net.minecraftforge.registries.GameData/REGISTRIES]: Applying holder lookups: minecraft:banner_pattern
[08May2026 16:01:24.028] [Render thread/DEBUG] [net.minecraftforge.registries.GameData/REGISTRIES]: Holder lookups applied: minecraft:banner_pattern
[08May2026 16:01:24.028] [Render thread/DEBUG] [net.minecraftforge.registries.GameData/REGISTRIES]: Applying holder lookups: minecraft:instrument
[08May2026 16:01:24.028] [Render thread/DEBUG] [net.minecraftforge.registries.GameData/REGISTRIES]: Holder lookups applied: minecraft:instrument
[08May2026 16:01:24.028] [Render thread/DEBUG] [net.minecraftforge.registries.GameData/REGISTRIES]: Applying holder lookups: minecraft:decorated_pot_patterns
[08May2026 16:01:24.029] [Render thread/DEBUG] [net.minecraftforge.registries.GameData/REGISTRIES]: Holder lookups applied: minecraft:decorated_pot_patterns
[08May2026 16:01:24.029] [Render thread/DEBUG] [net.minecraftforge.registries.GameData/REGISTRIES]: Applying holder lookups: minecraft:creative_mode_tab
[08May2026 16:01:24.029] [Render thread/DEBUG] [net.minecraftforge.registries.GameData/REGISTRIES]: Holder lookups applied: minecraft:creative_mode_tab
[08May2026 16:01:24.035] [Render thread/DEBUG] [net.minecraftforge.registries.GameData/REGISTRIES]: Applying holder lookups: forge:biome_modifier_serializers
[08May2026 16:01:24.036] [Render thread/DEBUG] [net.minecraftforge.registries.GameData/REGISTRIES]: Holder lookups applied: forge:biome_modifier_serializers
[08May2026 16:01:24.037] [Render thread/DEBUG] [net.minecraftforge.registries.GameData/REGISTRIES]: Applying holder lookups: forge:display_contexts
[08May2026 16:01:24.037] [Render thread/DEBUG] [net.minecraftforge.registries.GameData/REGISTRIES]: Holder lookups applied: forge:display_contexts
[08May2026 16:01:24.037] [Render thread/DEBUG] [net.minecraftforge.registries.GameData/REGISTRIES]: Applying holder lookups: forge:entity_data_serializers
[08May2026 16:01:24.038] [Render thread/DEBUG] [net.minecraftforge.registries.GameData/REGISTRIES]: Holder lookups applied: forge:entity_data_serializers
[08May2026 16:01:24.042] [Render thread/DEBUG] [net.minecraftforge.registries.GameData/REGISTRIES]: Applying holder lookups: forge:fluid_type
[08May2026 16:01:24.043] [Render thread/DEBUG] [net.minecraftforge.registries.GameData/REGISTRIES]: Holder lookups applied: forge:fluid_type
[08May2026 16:01:24.043] [Render thread/DEBUG] [net.minecraftforge.registries.GameData/REGISTRIES]: Applying holder lookups: forge:global_loot_modifier_serializers
[08May2026 16:01:24.043] [Render thread/DEBUG] [net.minecraftforge.registries.GameData/REGISTRIES]: Holder lookups applied: forge:global_loot_modifier_serializers
[08May2026 16:01:24.047] [Render thread/DEBUG] [net.minecraftforge.registries.GameData/REGISTRIES]: Applying holder lookups: forge:holder_set_type
[08May2026 16:01:24.047] [Render thread/DEBUG] [net.minecraftforge.registries.GameData/REGISTRIES]: Holder lookups applied: forge:holder_set_type
[08May2026 16:01:24.048] [Render thread/DEBUG] [net.minecraftforge.registries.GameData/REGISTRIES]: Applying holder lookups: forge:structure_modifier_serializers
[08May2026 16:01:24.048] [Render thread/DEBUG] [net.minecraftforge.registries.GameData/REGISTRIES]: Holder lookups applied: forge:structure_modifier_serializers
[08May2026 16:01:24.048] [Render thread/DEBUG] [net.minecraftforge.registries.GameData/REGISTRIES]: Applying holder lookups: minecraft:worldgen/biome
[08May2026 16:01:24.048] [Render thread/DEBUG] [net.minecraftforge.registries.GameData/REGISTRIES]: Holder lookups applied: minecraft:worldgen/biome
[08May2026 16:01:24.142] [Render thread/DEBUG] [net.minecraftforge.client.loading.ClientModLoader/CORE]: Generating PackInfo named mod:pvz2mod for mod file C:\Users\Owner\IdeaProjects\Minecraft-PvZ-Mod\build\resources\main
[08May2026 16:01:24.142] [Render thread/DEBUG] [net.minecraftforge.client.loading.ClientModLoader/CORE]: Generating PackInfo named mod:forge for mod file /
[08May2026 16:01:24.539] [Render thread/INFO] [net.minecraftforge.gametest.ForgeGameTestHooks/]: Enabled Gametest Namespaces: [pvz2mod]
[08May2026 16:01:24.750] [Render thread/INFO] [net.minecraft.server.packs.resources.ReloadableResourceManager/]: Reloading ResourceManager: vanilla, mod_resources
[08May2026 16:01:24.763] [modloading-worker-0/DEBUG] [net.minecraftforge.fml.config.ConfigTracker/CONFIG]: Loading configs type CLIENT
[08May2026 16:01:24.764] [modloading-worker-0/DEBUG] [net.minecraftforge.fml.config.ConfigFileTypeHandler/CONFIG]: Built TOML config for C:\Users\Owner\IdeaProjects\Minecraft-PvZ-Mod\run\config\forge-client.toml
[08May2026 16:01:24.773] [modloading-worker-0/DEBUG] [net.minecraftforge.fml.config.ConfigFileTypeHandler/CONFIG]: Loaded TOML config file C:\Users\Owner\IdeaProjects\Minecraft-PvZ-Mod\run\config\forge-client.toml
[08May2026 16:01:24.781] [modloading-worker-0/DEBUG] [net.minecraftforge.fml.config.ConfigFileTypeHandler/CONFIG]: Watching TOML config file C:\Users\Owner\IdeaProjects\Minecraft-PvZ-Mod\run\config\forge-client.toml for changes
[08May2026 16:01:24.785] [modloading-worker-0/DEBUG] [net.minecraftforge.common.ForgeConfig/FORGEMOD]: Loaded forge config file forge-client.toml
[08May2026 16:01:24.786] [modloading-worker-0/DEBUG] [net.minecraftforge.fml.config.ConfigTracker/CONFIG]: Loading configs type COMMON
[08May2026 16:01:24.801] [Worker-Main-9/INFO] [net.PvZModders.PvZMod.PvZ2Mod/]: Loaded 13 garden definitions for progression
[08May2026 16:01:24.859] [Worker-Main-10/INFO] [net.minecraft.client.gui.font.providers.UnihexProvider/]: Found unifont_all_no_pua-15.0.06.hex, loading
[08May2026 16:01:24.881] [Forge Version Check/INFO] [net.minecraftforge.fml.VersionChecker/]: [forge] Starting version check at https://files.minecraftforge.net/net/minecraftforge/forge/promotions_slim.json
[08May2026 16:01:25.051] [Render thread/DEBUG] [net.minecraftforge.fml.DeferredWorkQueue/LOADING]: Dispatching synchronous work for work queue SIDED_SETUP: 1 jobs
[08May2026 16:01:25.113] [Render thread/DEBUG] [net.minecraftforge.fml.DeferredWorkQueue/LOADING]: Synchronous work queue completed in 61.32 ms
[08May2026 16:01:25.213] [Forge Version Check/DEBUG] [net.minecraftforge.fml.VersionChecker/]: [forge] Received version check data:
{
  "homepage": "https://files.minecraftforge.net/net/minecraftforge/forge/",
  "promos": {
    "1.1-latest": "1.3.4.29",
    "1.2.3-latest": "1.4.1.64",
    "1.2.4-latest": "2.0.0.68",
    "1.2.5-latest": "3.4.9.171",
    "1.3.2-latest": "4.3.5.318",
    "1.4.0-latest": "5.0.0.326",
    "1.4.1-latest": "6.0.0.329",
    "1.4.2-latest": "6.0.1.355",
    "1.4.3-latest": "6.2.1.358",
    "1.4.4-latest": "6.3.0.378",
    "1.4.5-latest": "6.4.2.448",
    "1.4.6-latest": "6.5.0.489",
    "1.4.7-latest": "6.6.2.534",
    "1.5-latest": "7.7.0.598",
    "1.5.1-latest": "7.7.2.682",
    "1.5.2-latest": "7.8.1.738",
    "1.5.2-recommended": "7.8.1.738",
    "1.6.1-latest": "8.9.0.775",
    "1.6.2-latest": "9.10.1.871",
    "1.6.2-recommended": "9.10.1.871",
    "1.6.3-latest": "9.11.0.878",
    "1.6.4-latest": "9.11.1.1345",
    "1.6.4-recommended": "9.11.1.1345",
    "1.7.2-latest": "10.12.2.1161",
    "1.7.2-recommended": "10.12.2.1161",
    "1.7.10-latest": "10.13.4.1614",
    "1.7.10-recommended": "10.13.4.1614",
    "1.8-latest": "11.14.4.1577",
    "1.8-recommended": "11.14.4.1563",
    "1.8.8-latest": "11.15.0.1655",
    "1.8.9-latest": "11.15.1.2318",
    "1.8.9-recommended": "11.15.1.2318",
    "1.9-latest": "12.16.1.1938",
    "1.9-recommended": "12.16.1.1887",
    "1.9.4-latest": "12.17.0.2317",
    "1.9.4-recommended": "12.17.0.2317",
    "1.10-latest": "12.18.0.2000",
    "1.10.2-latest": "12.18.3.2511",
    "1.10.2-recommended": "12.18.3.2511",
    "1.11-latest": "13.19.1.2199",
    "1.11-recommended": "13.19.1.2189",
    "1.11.2-latest": "13.20.1.2588",
    "1.11.2-recommended": "13.20.1.2588",
    "1.12-latest": "14.21.1.2443",
    "1.12-recommended": "14.21.1.2387",
    "1.12.1-latest": "14.22.1.2485",
    "1.12.1-recommended": "14.22.1.2478",
    "1.12.2-latest": "14.23.5.2864",
    "1.12.2-recommended": "14.23.5.2859",
    "1.13.2-latest": "25.0.223",
    "1.14.2-latest": "26.0.63",
    "1.14.3-latest": "27.0.60",
    "1.14.4-latest": "28.2.28",
    "1.14.4-recommended": "28.2.26",
    "1.15-latest": "29.0.4",
    "1.15.1-latest": "30.0.51",
    "1.15.2-latest": "31.2.60",
    "1.15.2-recommended": "31.2.57",
    "1.16.1-latest": "32.0.108",
    "1.16.2-latest": "33.0.61",
    "1.16.3-latest": "34.1.42",
    "1.16.3-recommended": "34.1.0",
    "1.16.4-latest": "35.1.37",
    "1.16.4-recommended": "35.1.4",
    "1.16.5-latest": "36.2.42",
    "1.16.5-recommended": "36.2.34",
    "1.17.1-latest": "37.1.1",
    "1.17.1-recommended": "37.1.1",
    "1.18-latest": "38.0.17",
    "1.18.1-latest": "39.1.2",
    "1.18.1-recommended": "39.1.0",
    "1.18.2-recommended": "40.3.0",
    "1.18.2-latest": "40.3.12",
    "1.19-latest": "41.1.0",
    "1.19-recommended": "41.1.0",
    "1.19.1-latest": "42.0.9",
    "1.19.2-recommended": "43.5.0",
    "1.19.2-latest": "43.5.2",
    "1.19.3-latest": "44.1.23",
    "1.19.3-recommended": "44.1.0",
    "1.19.4-recommended": "45.4.0",
    "1.19.4-latest": "45.4.3",
    "1.20-latest": "46.0.14",
    "1.20.1-recommended": "47.4.10",
    "1.20.1-latest": "47.4.20",
    "1.20.2-latest": "48.1.0",
    "1.20.2-recommended": "48.1.0",
    "1.20.3-latest": "49.0.2",
    "1.20.4-latest": "49.2.7",
    "1.20.4-recommended": "49.2.0",
    "1.20.6-latest": "50.2.8",
    "1.20.6-recommended": "50.2.0",
    "1.21-latest": "51.0.33",
    "1.21.1-latest": "52.1.14",
    "1.21.1-recommended": "52.1.0",
    "1.21.3-latest": "53.1.10",
    "1.21.3-recommended": "53.1.0",
    "1.21.4-latest": "54.1.16",
    "1.21.4-recommended": "54.1.14",
    "1.21.5-latest": "55.1.10",
    "1.21.5-recommended": "55.1.0",
    "1.21.6-latest": "56.0.9",
    "1.21.7-latest": "57.0.3",
    "1.21.8-latest": "58.1.18",
    "1.21.8-recommended": "58.1.0",
    "1.21.9-latest": "59.0.5",
    "1.21.10-latest": "60.1.9",
    "1.21.10-recommended": "60.1.0",
    "1.21.11-latest": "61.1.5",
    "1.21.11-recommended": "61.1.0",
    "26.1-latest": "62.0.9",
    "26.1.1-latest": "63.0.2",
    "26.1.2-latest": "64.0.8"
  }
}
[08May2026 16:01:25.214] [Forge Version Check/INFO] [net.minecraftforge.fml.VersionChecker/]: [forge] Found status: OUTDATED Current: 47.0.19 Target: 47.4.10
[08May2026 16:01:25.647] [Worker-Main-2/WARN] [net.minecraft.client.resources.model.ModelBakery/]: Unable to load model: 'pvz2mod:squash_seed_packet#inventory' referenced from: pvz2mod:squash_seed_packet#inventory: java.io.FileNotFoundException: pvz2mod:models/item/squash_seed_packet.json
[08May2026 16:01:25.648] [Worker-Main-2/WARN] [net.minecraft.client.resources.model.ModelBakery/]: Unable to load model: 'pvz2mod:jalapeno_seed_packet#inventory' referenced from: pvz2mod:jalapeno_seed_packet#inventory: java.io.FileNotFoundException: pvz2mod:models/item/jalapeno_seed_packet.json
[08May2026 16:01:25.648] [Worker-Main-2/WARN] [net.minecraft.client.resources.model.ModelBakery/]: Unable to load model: 'pvz2mod:marigold_seed_packet#inventory' referenced from: pvz2mod:marigold_seed_packet#inventory: java.io.FileNotFoundException: pvz2mod:models/item/marigold_seed_packet.json
[08May2026 16:01:25.648] [Worker-Main-2/WARN] [net.minecraft.client.resources.model.ModelBakery/]: Unable to load model: 'pvz2mod:gold_magnet_seed_packet#inventory' referenced from: pvz2mod:gold_magnet_seed_packet#inventory: java.io.FileNotFoundException: pvz2mod:models/item/gold_magnet_seed_packet.json
[08May2026 16:01:25.648] [Worker-Main-2/WARN] [net.minecraft.client.resources.model.ModelBakery/]: Unable to load model: 'pvz2mod:cactus_seed_packet#inventory' referenced from: pvz2mod:cactus_seed_packet#inventory: java.io.FileNotFoundException: pvz2mod:models/item/cactus_seed_packet.json
[08May2026 16:01:25.648] [Worker-Main-2/WARN] [net.minecraft.client.resources.model.ModelBakery/]: Unable to load model: 'pvz2mod:aloe_seed_packet#inventory' referenced from: pvz2mod:aloe_seed_packet#inventory: java.io.FileNotFoundException: pvz2mod:models/item/aloe_seed_packet.json
[08May2026 16:01:26.161] [Worker-Main-2/WARN] [net.minecraft.client.resources.model.ModelManager/]: Missing textures in model pvz2mod:grimrose_seed_packet#inventory:
    minecraft:textures/atlas/blocks.png:minecraft:item/poppy
[08May2026 16:01:26.161] [Worker-Main-2/WARN] [net.minecraft.client.resources.model.ModelManager/]: Missing textures in model pvz2mod:wall_nut_seed_packet#inventory:
    minecraft:textures/atlas/blocks.png:minecraft:item/oak_log
[08May2026 16:01:26.161] [Worker-Main-2/WARN] [net.minecraft.client.resources.model.ModelManager/]: Missing textures in model pvz2mod:iceberg_lettuce_seed_packet#inventory:
    minecraft:textures/atlas/blocks.png:minecraft:item/ice
[08May2026 16:01:26.161] [Worker-Main-2/WARN] [net.minecraft.client.resources.model.ModelManager/]: Missing textures in model pvz2mod:totem_shield#inventory:
    minecraft:textures/atlas/blocks.png:minecraft:item/shield
[08May2026 16:01:26.161] [Worker-Main-2/WARN] [net.minecraft.client.resources.model.ModelManager/]: Missing textures in model pvz2mod:shadow_shroom_seed_packet#inventory:
    minecraft:textures/atlas/blocks.png:minecraft:item/brown_mushroom
[08May2026 16:01:26.161] [Worker-Main-2/WARN] [net.minecraft.client.resources.model.ModelManager/]: Missing textures in model pvz2mod:twin_sunflower_seed_packet#inventory:
    minecraft:textures/atlas/blocks.png:minecraft:item/sunflower
[08May2026 16:01:26.161] [Worker-Main-2/WARN] [net.minecraft.client.resources.model.ModelManager/]: Missing textures in model pvz2mod:perfume_shroom_seed_packet#inventory:
    minecraft:textures/atlas/blocks.png:minecraft:item/red_mushroom
[08May2026 16:01:26.162] [Worker-Main-2/WARN] [net.minecraft.client.resources.model.ModelManager/]: Missing textures in model pvz2mod:spore_shroom_seed_packet#inventory:
    minecraft:textures/atlas/blocks.png:minecraft:item/brown_mushroom
[08May2026 16:01:26.162] [Worker-Main-2/WARN] [net.minecraft.client.resources.model.ModelManager/]: Missing textures in model pvz2mod:sun_shroom_seed_packet#inventory:
    minecraft:textures/atlas/blocks.png:minecraft:item/brown_mushroom
[08May2026 16:01:26.162] [Worker-Main-2/WARN] [net.minecraft.client.resources.model.ModelManager/]: Missing textures in model pvz2mod:primal_sunflower_seed_packet#inventory:
    minecraft:textures/atlas/blocks.png:minecraft:item/sunflower
[08May2026 16:01:26.162] [Worker-Main-2/WARN] [net.minecraft.client.resources.model.ModelManager/]: Missing textures in model pvz2mod:sunflower_seed_packet#inventory:
    minecraft:textures/atlas/blocks.png:minecraft:item/sunflower
[08May2026 16:01:26.322] [modloading-worker-0/DEBUG] [net.minecraftforge.registries.GameData/REGISTRIES]: Freezing registries
[08May2026 16:01:26.324] [modloading-worker-0/DEBUG] [net.minecraftforge.registries.ForgeRegistry/REGISTRIES]: Registry minecraft:block Sync: FROZEN -> ACTIVE
[08May2026 16:01:26.331] [modloading-worker-0/DEBUG] [net.minecraftforge.registries.ForgeRegistry/REGISTRIES]: Registry minecraft:fluid Sync: FROZEN -> ACTIVE
[08May2026 16:01:26.332] [modloading-worker-0/DEBUG] [net.minecraftforge.registries.ForgeRegistry/REGISTRIES]: Registry minecraft:item Sync: FROZEN -> ACTIVE
[08May2026 16:01:26.339] [modloading-worker-0/DEBUG] [net.minecraftforge.registries.ForgeRegistry/REGISTRIES]: Registry minecraft:mob_effect Sync: FROZEN -> ACTIVE
[08May2026 16:01:26.339] [modloading-worker-0/DEBUG] [net.minecraftforge.registries.ForgeRegistry/REGISTRIES]: Registry minecraft:sound_event Sync: FROZEN -> ACTIVE
[08May2026 16:01:26.345] [modloading-worker-0/DEBUG] [net.minecraftforge.registries.ForgeRegistry/REGISTRIES]: Registry minecraft:potion Sync: FROZEN -> ACTIVE
[08May2026 16:01:26.346] [modloading-worker-0/DEBUG] [net.minecraftforge.registries.ForgeRegistry/REGISTRIES]: Registry minecraft:enchantment Sync: FROZEN -> ACTIVE
[08May2026 16:01:26.346] [modloading-worker-0/DEBUG] [net.minecraftforge.registries.ForgeRegistry/REGISTRIES]: Registry minecraft:entity_type Sync: FROZEN -> ACTIVE
[08May2026 16:01:26.348] [modloading-worker-0/DEBUG] [net.minecraftforge.registries.ForgeRegistry/REGISTRIES]: Registry minecraft:block_entity_type Sync: FROZEN -> ACTIVE
[08May2026 16:01:26.348] [modloading-worker-0/DEBUG] [net.minecraftforge.registries.ForgeRegistry/REGISTRIES]: Registry minecraft:particle_type Sync: FROZEN -> ACTIVE
[08May2026 16:01:26.349] [modloading-worker-0/DEBUG] [net.minecraftforge.registries.ForgeRegistry/REGISTRIES]: Registry minecraft:menu Sync: FROZEN -> ACTIVE
[08May2026 16:01:26.349] [modloading-worker-0/DEBUG] [net.minecraftforge.registries.ForgeRegistry/REGISTRIES]: Registry minecraft:painting_variant Sync: FROZEN -> ACTIVE
[08May2026 16:01:26.349] [modloading-worker-0/DEBUG] [net.minecraftforge.registries.ForgeRegistry/REGISTRIES]: Registry minecraft:recipe_type Sync: FROZEN -> ACTIVE
[08May2026 16:01:26.349] [modloading-worker-0/DEBUG] [net.minecraftforge.registries.ForgeRegistry/REGISTRIES]: Registry minecraft:recipe_serializer Sync: FROZEN -> ACTIVE
[08May2026 16:01:26.349] [modloading-worker-0/DEBUG] [net.minecraftforge.registries.ForgeRegistry/REGISTRIES]: Registry minecraft:attribute Sync: FROZEN -> ACTIVE
[08May2026 16:01:26.350] [modloading-worker-0/DEBUG] [net.minecraftforge.registries.ForgeRegistry/REGISTRIES]: Registry minecraft:stat_type Sync: FROZEN -> ACTIVE
[08May2026 16:01:26.350] [modloading-worker-0/DEBUG] [net.minecraftforge.registries.ForgeRegistry/REGISTRIES]: Registry minecraft:command_argument_type Sync: FROZEN -> ACTIVE
[08May2026 16:01:26.350] [modloading-worker-0/DEBUG] [net.minecraftforge.registries.ForgeRegistry/REGISTRIES]: Registry minecraft:villager_profession Sync: FROZEN -> ACTIVE
[08May2026 16:01:26.350] [modloading-worker-0/DEBUG] [net.minecraftforge.registries.ForgeRegistry/REGISTRIES]: Registry minecraft:point_of_interest_type Sync: FROZEN -> ACTIVE
[08May2026 16:01:26.352] [modloading-worker-0/DEBUG] [net.minecraftforge.registries.ForgeRegistry/REGISTRIES]: Registry minecraft:memory_module_type Sync: FROZEN -> ACTIVE
[08May2026 16:01:26.353] [modloading-worker-0/DEBUG] [net.minecraftforge.registries.ForgeRegistry/REGISTRIES]: Registry minecraft:sensor_type Sync: FROZEN -> ACTIVE
[08May2026 16:01:26.353] [modloading-worker-0/DEBUG] [net.minecraftforge.registries.ForgeRegistry/REGISTRIES]: Registry minecraft:schedule Sync: FROZEN -> ACTIVE
[08May2026 16:01:26.353] [modloading-worker-0/DEBUG] [net.minecraftforge.registries.ForgeRegistry/REGISTRIES]: Registry minecraft:activity Sync: FROZEN -> ACTIVE
[08May2026 16:01:26.353] [modloading-worker-0/DEBUG] [net.minecraftforge.registries.ForgeRegistry/REGISTRIES]: Registry minecraft:worldgen/carver Sync: FROZEN -> ACTIVE
[08May2026 16:01:26.353] [modloading-worker-0/DEBUG] [net.minecraftforge.registries.ForgeRegistry/REGISTRIES]: Registry minecraft:worldgen/feature Sync: FROZEN -> ACTIVE
[08May2026 16:01:26.354] [modloading-worker-0/DEBUG] [net.minecraftforge.registries.ForgeRegistry/REGISTRIES]: Registry minecraft:chunk_status Sync: FROZEN -> ACTIVE
[08May2026 16:01:26.354] [modloading-worker-0/DEBUG] [net.minecraftforge.registries.ForgeRegistry/REGISTRIES]: Registry minecraft:worldgen/block_state_provider_type Sync: FROZEN -> ACTIVE
[08May2026 16:01:26.354] [modloading-worker-0/DEBUG] [net.minecraftforge.registries.ForgeRegistry/REGISTRIES]: Registry minecraft:worldgen/foliage_placer_type Sync: FROZEN -> ACTIVE
[08May2026 16:01:26.355] [modloading-worker-0/DEBUG] [net.minecraftforge.registries.ForgeRegistry/REGISTRIES]: Registry minecraft:worldgen/tree_decorator_type Sync: FROZEN -> ACTIVE
[08May2026 16:01:26.355] [modloading-worker-0/DEBUG] [net.minecraftforge.registries.ForgeRegistry/REGISTRIES]: Registry minecraft:worldgen/biome Sync: FROZEN -> ACTIVE
[08May2026 16:01:26.355] [modloading-worker-0/DEBUG] [net.minecraftforge.registries.ForgeRegistry/REGISTRIES]: Registry forge:entity_data_serializers Sync: FROZEN -> ACTIVE
[08May2026 16:01:26.355] [modloading-worker-0/DEBUG] [net.minecraftforge.registries.ForgeRegistry/REGISTRIES]: Registry forge:global_loot_modifier_serializers Sync: FROZEN -> ACTIVE
[08May2026 16:01:26.355] [modloading-worker-0/DEBUG] [net.minecraftforge.registries.ForgeRegistry/REGISTRIES]: Registry forge:biome_modifier_serializers Sync: FROZEN -> ACTIVE
[08May2026 16:01:26.355] [modloading-worker-0/DEBUG] [net.minecraftforge.registries.ForgeRegistry/REGISTRIES]: Registry forge:fluid_type Sync: FROZEN -> ACTIVE
[08May2026 16:01:26.355] [modloading-worker-0/DEBUG] [net.minecraftforge.registries.ForgeRegistry/REGISTRIES]: Registry forge:structure_modifier_serializers Sync: FROZEN -> ACTIVE
[08May2026 16:01:26.356] [modloading-worker-0/DEBUG] [net.minecraftforge.registries.ForgeRegistry/REGISTRIES]: Registry forge:holder_set_type Sync: FROZEN -> ACTIVE
[08May2026 16:01:26.356] [modloading-worker-0/DEBUG] [net.minecraftforge.registries.ForgeRegistry/REGISTRIES]: Registry forge:display_contexts Sync: FROZEN -> ACTIVE
[08May2026 16:01:26.968] [modloading-worker-0/DEBUG] [net.minecraftforge.registries.GameData/REGISTRIES]: All registries frozen
[08May2026 16:01:27.001] [Render thread/DEBUG] [net.minecraftforge.common.ForgeI18n/CORE]: Loading I18N data entries: 6578
[08May2026 16:01:27.020] [Render thread/WARN] [net.minecraft.client.sounds.SoundEngine/]: Missing sound for event: minecraft:item.goat_horn.play
[08May2026 16:01:27.020] [Render thread/WARN] [net.minecraft.client.sounds.SoundEngine/]: Missing sound for event: minecraft:entity.goat.screaming.horn_break
[08May2026 16:01:27.086] [Render thread/INFO] [com.mojang.blaze3d.audio.Library/]: OpenAL initialized on device OpenAL Soft on Speakers (Realtek High Definition Audio)
[08May2026 16:01:27.087] [Render thread/INFO] [net.minecraft.client.sounds.SoundEngine/SOUNDS]: Sound engine started
[08May2026 16:01:27.189] [Render thread/INFO] [net.minecraft.client.renderer.texture.TextureAtlas/]: Created: 1024x512x4 minecraft:textures/atlas/blocks.png-atlas
[08May2026 16:01:27.197] [Render thread/INFO] [net.minecraft.client.renderer.texture.TextureAtlas/]: Created: 256x256x4 minecraft:textures/atlas/signs.png-atlas
[08May2026 16:01:27.198] [Render thread/INFO] [net.minecraft.client.renderer.texture.TextureAtlas/]: Created: 512x512x4 minecraft:textures/atlas/shield_patterns.png-atlas
[08May2026 16:01:27.198] [Render thread/INFO] [net.minecraft.client.renderer.texture.TextureAtlas/]: Created: 512x512x4 minecraft:textures/atlas/banner_patterns.png-atlas
[08May2026 16:01:27.199] [Render thread/INFO] [net.minecraft.client.renderer.texture.TextureAtlas/]: Created: 1024x1024x4 minecraft:textures/atlas/armor_trims.png-atlas
[08May2026 16:01:27.201] [Render thread/INFO] [net.minecraft.client.renderer.texture.TextureAtlas/]: Created: 128x64x4 minecraft:textures/atlas/decorated_pot.png-atlas
[08May2026 16:01:27.202] [Render thread/INFO] [net.minecraft.client.renderer.texture.TextureAtlas/]: Created: 256x256x4 minecraft:textures/atlas/chest.png-atlas
[08May2026 16:01:27.202] [Render thread/INFO] [net.minecraft.client.renderer.texture.TextureAtlas/]: Created: 512x256x4 minecraft:textures/atlas/shulker_boxes.png-atlas
[08May2026 16:01:27.202] [Render thread/INFO] [net.minecraft.client.renderer.texture.TextureAtlas/]: Created: 512x256x4 minecraft:textures/atlas/beds.png-atlas
[08May2026 16:01:27.321] [Render thread/WARN] [net.minecraft.client.renderer.ShaderInstance/]: Shader rendertype_entity_translucent_emissive could not find sampler named Sampler2 in the specified shader program.
[08May2026 16:01:27.368] [Render thread/INFO] [net.minecraft.client.renderer.texture.TextureAtlas/]: Created: 256x256x0 minecraft:textures/atlas/particles.png-atlas
[08May2026 16:01:27.370] [Render thread/INFO] [net.minecraft.client.renderer.texture.TextureAtlas/]: Created: 256x256x0 minecraft:textures/atlas/paintings.png-atlas
[08May2026 16:01:27.370] [Render thread/INFO] [net.minecraft.client.renderer.texture.TextureAtlas/]: Created: 128x128x0 minecraft:textures/atlas/mob_effects.png-atlas
[08May2026 16:01:27.453] [Realms Notification Availability checker #1/INFO] [com.mojang.realmsclient.client.RealmsClient/]: Could not authorize you against Realms server: java.lang.RuntimeException: Failed to parse into SignedJWT: 0
[08May2026 16:01:39.822] [Render thread/DEBUG] [net.minecraftforge.server.ServerLifecycleHooks/CORE]: Generating PackInfo named mod:pvz2mod for mod file C:\Users\Owner\IdeaProjects\Minecraft-PvZ-Mod\build\resources\main
[08May2026 16:01:39.822] [Render thread/DEBUG] [net.minecraftforge.server.ServerLifecycleHooks/CORE]: Generating PackInfo named mod:forge for mod file /
[08May2026 16:01:40.315] [Render thread/DEBUG] [net.minecraftforge.coremod.transformer.CoreModBaseTransformer/COREMOD]: Transforming net/minecraft/server/commands/SummonCommand
[08May2026 16:01:40.551] [Worker-Main-1/DEBUG] [net.minecraftforge.coremod.transformer.CoreModBaseTransformer/COREMOD]: Transforming net/minecraft/world/entity/raid/Raid
[08May2026 16:01:40.720] [Render thread/INFO] [net.minecraft.world.item.crafting.RecipeManager/]: Loaded 7 recipes
[08May2026 16:01:40.823] [Render thread/INFO] [net.minecraft.advancements.AdvancementList/]: Loaded 1271 advancements
[08May2026 16:01:43.983] [Render thread/DEBUG] [net.minecraftforge.server.ServerLifecycleHooks/CORE]: Generating PackInfo named mod:pvz2mod for mod file C:\Users\Owner\IdeaProjects\Minecraft-PvZ-Mod\build\resources\main
[08May2026 16:01:43.984] [Render thread/DEBUG] [net.minecraftforge.server.ServerLifecycleHooks/CORE]: Generating PackInfo named mod:forge for mod file /
[08May2026 16:01:44.002] [Render thread/DEBUG] [net.minecraftforge.common.ForgeHooks/WP]: Gathering id map for writing to world save New World
[08May2026 16:01:44.012] [Render thread/DEBUG] [net.minecraftforge.common.ForgeHooks/WP]: ID Map collection complete New World
[08May2026 16:01:44.067] [Server thread/INFO] [net.minecraft.client.server.IntegratedServer/]: Starting integrated minecraft server version 1.20.1
[08May2026 16:01:44.068] [Server thread/INFO] [net.minecraft.server.MinecraftServer/]: Generating keypair
[08May2026 16:01:44.138] [Server thread/DEBUG] [net.minecraftforge.fml.config.ConfigTracker/CONFIG]: Loading configs type SERVER
[08May2026 16:01:44.139] [Server thread/DEBUG] [net.minecraftforge.fml.config.ConfigFileTypeHandler/CONFIG]: Built TOML config for .\saves\New World (16)\serverconfig\forge-server.toml
[08May2026 16:01:44.140] [Server thread/DEBUG] [net.minecraftforge.fml.config.ConfigFileTypeHandler/CONFIG]: Loaded TOML config file .\saves\New World (16)\serverconfig\forge-server.toml
[08May2026 16:01:44.142] [Server thread/DEBUG] [net.minecraftforge.fml.config.ConfigFileTypeHandler/CONFIG]: Watching TOML config file .\saves\New World (16)\serverconfig\forge-server.toml for changes
[08May2026 16:01:44.142] [Server thread/WARN] [net.minecraftforge.common.ForgeConfigSpec/CORE]: Configuration file .\saves\New World (16)\serverconfig\forge-server.toml is not correct. Correcting
[08May2026 16:01:44.143] [Server thread/WARN] [net.minecraftforge.common.ForgeConfigSpec/CORE]: Incorrect key server was corrected from null to its default, SimpleCommentedConfig:{}. 
[08May2026 16:01:44.143] [Server thread/WARN] [net.minecraftforge.common.ForgeConfigSpec/CORE]: Incorrect key server.removeErroringBlockEntities was corrected from null to its default, false. 
[08May2026 16:01:44.143] [Server thread/DEBUG] [net.minecraftforge.common.ForgeConfigSpec/CORE]: The comment on key server.removeErroringBlockEntities does not match the spec. This may create a backup.
[08May2026 16:01:44.143] [Server thread/WARN] [net.minecraftforge.common.ForgeConfigSpec/CORE]: Incorrect key server.removeErroringEntities was corrected from null to its default, false. 
[08May2026 16:01:44.143] [Server thread/DEBUG] [net.minecraftforge.common.ForgeConfigSpec/CORE]: The comment on key server.removeErroringEntities does not match the spec. This may create a backup.
[08May2026 16:01:44.143] [Server thread/WARN] [net.minecraftforge.common.ForgeConfigSpec/CORE]: Incorrect key server.fullBoundingBoxLadders was corrected from null to its default, false. 
[08May2026 16:01:44.143] [Server thread/DEBUG] [net.minecraftforge.common.ForgeConfigSpec/CORE]: The comment on key server.fullBoundingBoxLadders does not match the spec. This may create a backup.
[08May2026 16:01:44.143] [Server thread/WARN] [net.minecraftforge.common.ForgeConfigSpec/CORE]: Incorrect key server.zombieBaseSummonChance was corrected from null to its default, 0.1. 
[08May2026 16:01:44.143] [Server thread/DEBUG] [net.minecraftforge.common.ForgeConfigSpec/CORE]: The comment on key server.zombieBaseSummonChance does not match the spec. This may create a backup.
[08May2026 16:01:44.143] [Server thread/WARN] [net.minecraftforge.common.ForgeConfigSpec/CORE]: Incorrect key server.zombieBabyChance was corrected from null to its default, 0.05. 
[08May2026 16:01:44.143] [Server thread/DEBUG] [net.minecraftforge.common.ForgeConfigSpec/CORE]: The comment on key server.zombieBabyChance does not match the spec. This may create a backup.
[08May2026 16:01:44.143] [Server thread/WARN] [net.minecraftforge.common.ForgeConfigSpec/CORE]: Incorrect key server.permissionHandler was corrected from null to its default, forge:default_handler. 
[08May2026 16:01:44.143] [Server thread/DEBUG] [net.minecraftforge.common.ForgeConfigSpec/CORE]: The comment on key server.permissionHandler does not match the spec. This may create a backup.
[08May2026 16:01:44.144] [Server thread/DEBUG] [net.minecraftforge.common.ForgeConfigSpec/CORE]: The comment on key server does not match the spec. This may create a backup.
[08May2026 16:01:44.145] [Server thread/DEBUG] [net.minecraftforge.common.ForgeConfig/FORGEMOD]: Loaded forge config file forge-server.toml
[08May2026 16:01:44.169] [Server thread/DEBUG] [net.minecraftforge.coremod.transformer.CoreModBaseTransformer/COREMOD]: Transforming net/minecraft/world/level/levelgen/PhantomSpawner
[08May2026 16:01:44.173] [Server thread/DEBUG] [net.minecraftforge.coremod.transformer.CoreModBaseTransformer/COREMOD]: Transforming net/minecraft/world/level/levelgen/PatrolSpawner
[08May2026 16:01:44.178] [Server thread/DEBUG] [net.minecraftforge.coremod.transformer.CoreModBaseTransformer/COREMOD]: Transforming net/minecraft/world/entity/npc/CatSpawner
[08May2026 16:01:44.181] [Server thread/DEBUG] [net.minecraftforge.coremod.transformer.CoreModBaseTransformer/COREMOD]: Transforming net/minecraft/world/entity/ai/village/VillageSiege
[08May2026 16:01:45.269] [Worker-Main-7/DEBUG] [net.minecraftforge.coremod.transformer.CoreModBaseTransformer/COREMOD]: Transforming net/minecraft/world/level/levelgen/structure/templatesystem/StructureTemplate
[08May2026 16:01:46.548] [Worker-Main-8/DEBUG] [net.minecraftforge.coremod.transformer.CoreModBaseTransformer/COREMOD]: Transforming net/minecraft/world/level/NaturalSpawner
[08May2026 16:01:46.602] [Server thread/INFO] [net.minecraft.server.MinecraftServer/]: Preparing start region for dimension minecraft:overworld
[08May2026 16:01:47.076] [Render thread/INFO] [net.minecraft.server.level.progress.LoggerChunkProgressListener/]: Preparing spawn area: 0%
[08May2026 16:01:47.132] [Render thread/INFO] [net.minecraft.server.level.progress.LoggerChunkProgressListener/]: Preparing spawn area: 0%
[08May2026 16:01:47.626] [Render thread/INFO] [net.minecraft.server.level.progress.LoggerChunkProgressListener/]: Preparing spawn area: 0%
[08May2026 16:01:47.818] [Worker-Main-8/DEBUG] [io.netty.util.internal.InternalThreadLocalMap/]: -Dio.netty.threadLocalMap.stringBuilder.initialSize: 1024
[08May2026 16:01:47.819] [Worker-Main-8/DEBUG] [io.netty.util.internal.InternalThreadLocalMap/]: -Dio.netty.threadLocalMap.stringBuilder.maxSize: 4096
[08May2026 16:01:47.819] [Worker-Main-8/DEBUG] [io.netty.util.internal.ThreadLocalRandom/]: -Dio.netty.initialSeedUniquifier: 0xf8c0f06d66028f6b
[08May2026 16:01:48.242] [Render thread/INFO] [net.minecraft.server.level.progress.LoggerChunkProgressListener/]: Preparing spawn area: 1%
[08May2026 16:01:48.618] [Render thread/INFO] [net.minecraft.server.level.progress.LoggerChunkProgressListener/]: Preparing spawn area: 3%
[08May2026 16:01:49.118] [Render thread/INFO] [net.minecraft.server.level.progress.LoggerChunkProgressListener/]: Preparing spawn area: 6%
[08May2026 16:01:49.628] [Render thread/INFO] [net.minecraft.server.level.progress.LoggerChunkProgressListener/]: Preparing spawn area: 9%
[08May2026 16:01:50.118] [Render thread/INFO] [net.minecraft.server.level.progress.LoggerChunkProgressListener/]: Preparing spawn area: 12%
[08May2026 16:01:50.626] [Render thread/INFO] [net.minecraft.server.level.progress.LoggerChunkProgressListener/]: Preparing spawn area: 17%
[08May2026 16:01:51.119] [Render thread/INFO] [net.minecraft.server.level.progress.LoggerChunkProgressListener/]: Preparing spawn area: 21%
[08May2026 16:01:51.614] [Render thread/INFO] [net.minecraft.server.level.progress.LoggerChunkProgressListener/]: Preparing spawn area: 24%
[08May2026 16:01:52.120] [Render thread/INFO] [net.minecraft.server.level.progress.LoggerChunkProgressListener/]: Preparing spawn area: 31%
[08May2026 16:01:52.620] [Render thread/INFO] [net.minecraft.server.level.progress.LoggerChunkProgressListener/]: Preparing spawn area: 34%
[08May2026 16:01:53.132] [Render thread/INFO] [net.minecraft.server.level.progress.LoggerChunkProgressListener/]: Preparing spawn area: 40%
[08May2026 16:01:53.620] [Render thread/INFO] [net.minecraft.server.level.progress.LoggerChunkProgressListener/]: Preparing spawn area: 44%
[08May2026 16:01:54.153] [Render thread/INFO] [net.minecraft.server.level.progress.LoggerChunkProgressListener/]: Preparing spawn area: 50%
[08May2026 16:01:54.622] [Render thread/INFO] [net.minecraft.server.level.progress.LoggerChunkProgressListener/]: Preparing spawn area: 55%
[08May2026 16:01:55.113] [Render thread/INFO] [net.minecraft.server.level.progress.LoggerChunkProgressListener/]: Preparing spawn area: 60%
[08May2026 16:01:55.624] [Render thread/INFO] [net.minecraft.server.level.progress.LoggerChunkProgressListener/]: Preparing spawn area: 67%
[08May2026 16:01:56.129] [Render thread/INFO] [net.minecraft.server.level.progress.LoggerChunkProgressListener/]: Preparing spawn area: 71%
[08May2026 16:01:56.626] [Render thread/INFO] [net.minecraft.server.level.progress.LoggerChunkProgressListener/]: Preparing spawn area: 78%
[08May2026 16:01:57.129] [Render thread/INFO] [net.minecraft.server.level.progress.LoggerChunkProgressListener/]: Preparing spawn area: 84%
[08May2026 16:01:57.629] [Render thread/INFO] [net.minecraft.server.level.progress.LoggerChunkProgressListener/]: Preparing spawn area: 89%
[08May2026 16:01:58.119] [Render thread/INFO] [net.minecraft.server.level.progress.LoggerChunkProgressListener/]: Preparing spawn area: 96%
[08May2026 16:01:58.328] [Server thread/INFO] [net.minecraftforge.server.permission.PermissionAPI/]: Successfully initialized permission handler forge:default_handler
[08May2026 16:01:58.341] [Render thread/INFO] [net.minecraft.server.level.progress.LoggerChunkProgressListener/]: Time elapsed: 11729 ms
[08May2026 16:01:58.349] [Server thread/DEBUG] [io.netty.buffer.AbstractByteBuf/]: -Dio.netty.buffer.checkAccessible: true
[08May2026 16:01:58.349] [Server thread/DEBUG] [io.netty.buffer.AbstractByteBuf/]: -Dio.netty.buffer.checkBounds: true
[08May2026 16:01:58.350] [Server thread/DEBUG] [io.netty.util.ResourceLeakDetectorFactory/]: Loaded default ResourceLeakDetector: io.netty.util.ResourceLeakDetector@34a27a1e
[08May2026 16:01:58.409] [Server thread/INFO] [net.minecraft.client.server.IntegratedServer/]: Changing view distance to 12, from 10
[08May2026 16:01:58.410] [Server thread/INFO] [net.minecraft.client.server.IntegratedServer/]: Changing simulation distance to 12, from 0
[08May2026 16:01:58.432] [Render thread/DEBUG] [io.netty.channel.MultithreadEventLoopGroup/]: -Dio.netty.eventLoopThreads: 24
[08May2026 16:01:58.449] [Render thread/DEBUG] [io.netty.channel.nio.NioEventLoop/]: -Dio.netty.noKeySetOptimization: false
[08May2026 16:01:58.449] [Render thread/DEBUG] [io.netty.channel.nio.NioEventLoop/]: -Dio.netty.selectorAutoRebuildThreshold: 512
[08May2026 16:01:58.454] [Render thread/DEBUG] [io.netty.util.internal.PlatformDependent/]: org.jctools-core.MpscChunkedArrayQueue: available
[08May2026 16:01:58.495] [Render thread/DEBUG] [io.netty.channel.DefaultChannelId/]: -Dio.netty.processId: 1596 (auto-detected)
[08May2026 16:01:58.497] [Render thread/DEBUG] [io.netty.util.NetUtil/]: -Djava.net.preferIPv4Stack: false
[08May2026 16:01:58.497] [Render thread/DEBUG] [io.netty.util.NetUtil/]: -Djava.net.preferIPv6Addresses: true
[08May2026 16:01:58.508] [Render thread/DEBUG] [io.netty.util.NetUtilInitializations/]: Loopback interface: lo (Software Loopback Interface 1, 127.0.0.1)
[08May2026 16:01:58.512] [Render thread/DEBUG] [io.netty.util.NetUtil/]: Failed to get SOMAXCONN from sysctl and file \proc\sys\net\core\somaxconn. Default: 200
[08May2026 16:01:58.544] [Render thread/DEBUG] [io.netty.channel.DefaultChannelId/]: -Dio.netty.machineId: 00:50:56:ff:fe:c0:00:08 (auto-detected)
[08May2026 16:01:58.564] [Render thread/DEBUG] [io.netty.buffer.PooledByteBufAllocator/]: -Dio.netty.allocator.numHeapArenas: 24
[08May2026 16:01:58.564] [Render thread/DEBUG] [io.netty.buffer.PooledByteBufAllocator/]: -Dio.netty.allocator.numDirectArenas: 24
[08May2026 16:01:58.565] [Render thread/DEBUG] [io.netty.buffer.PooledByteBufAllocator/]: -Dio.netty.allocator.pageSize: 8192
[08May2026 16:01:58.565] [Render thread/DEBUG] [io.netty.buffer.PooledByteBufAllocator/]: -Dio.netty.allocator.maxOrder: 9
[08May2026 16:01:58.565] [Render thread/DEBUG] [io.netty.buffer.PooledByteBufAllocator/]: -Dio.netty.allocator.chunkSize: 4194304
[08May2026 16:01:58.565] [Render thread/DEBUG] [io.netty.buffer.PooledByteBufAllocator/]: -Dio.netty.allocator.smallCacheSize: 256
[08May2026 16:01:58.565] [Render thread/DEBUG] [io.netty.buffer.PooledByteBufAllocator/]: -Dio.netty.allocator.normalCacheSize: 64
[08May2026 16:01:58.565] [Render thread/DEBUG] [io.netty.buffer.PooledByteBufAllocator/]: -Dio.netty.allocator.maxCachedBufferCapacity: 32768
[08May2026 16:01:58.565] [Render thread/DEBUG] [io.netty.buffer.PooledByteBufAllocator/]: -Dio.netty.allocator.cacheTrimInterval: 8192
[08May2026 16:01:58.565] [Render thread/DEBUG] [io.netty.buffer.PooledByteBufAllocator/]: -Dio.netty.allocator.cacheTrimIntervalMillis: 0
[08May2026 16:01:58.565] [Render thread/DEBUG] [io.netty.buffer.PooledByteBufAllocator/]: -Dio.netty.allocator.useCacheForAllThreads: false
[08May2026 16:01:58.565] [Render thread/DEBUG] [io.netty.buffer.PooledByteBufAllocator/]: -Dio.netty.allocator.maxCachedByteBuffersPerChunk: 1023
[08May2026 16:01:58.575] [Render thread/DEBUG] [io.netty.buffer.ByteBufUtil/]: -Dio.netty.allocator.type: pooled
[08May2026 16:01:58.575] [Render thread/DEBUG] [io.netty.buffer.ByteBufUtil/]: -Dio.netty.threadLocalDirectBufferSize: 0
[08May2026 16:01:58.575] [Render thread/DEBUG] [io.netty.buffer.ByteBufUtil/]: -Dio.netty.maxThreadLocalCharBufferSize: 16384
[08May2026 16:01:58.604] [Netty Local Client IO #0/DEBUG] [net.minecraftforge.network.HandshakeHandler/FMLHANDSHAKE]: Starting local connection.
[08May2026 16:01:58.706] [Netty Local Client IO #0/DEBUG] [io.netty.util.Recycler/]: -Dio.netty.recycler.maxCapacityPerThread: 4096
[08May2026 16:01:58.707] [Netty Local Client IO #0/DEBUG] [io.netty.util.Recycler/]: -Dio.netty.recycler.ratio: 8
[08May2026 16:01:58.707] [Netty Local Client IO #0/DEBUG] [io.netty.util.Recycler/]: -Dio.netty.recycler.chunkSize: 32
[08May2026 16:01:58.707] [Netty Local Client IO #0/DEBUG] [io.netty.util.Recycler/]: -Dio.netty.recycler.blocking: false
[08May2026 16:01:58.731] [Netty Server IO #1/DEBUG] [net.minecraftforge.network.HandshakeHandler/FMLHANDSHAKE]: Starting local connection.
[08May2026 16:01:58.740] [Server thread/DEBUG] [net.minecraftforge.network.HandshakeHandler/FMLHANDSHAKE]: Sending ticking packet info 'net.minecraftforge.network.HandshakeMessages$S2CModData' to 'fml:handshake' sequence 0
[08May2026 16:01:58.746] [Netty Local Client IO #0/DEBUG] [net.minecraftforge.network.LoginWrapper/FMLHANDSHAKE]: Recieved login wrapper packet event for channel fml:handshake with index 0
[08May2026 16:01:58.787] [Server thread/DEBUG] [net.minecraftforge.network.HandshakeHandler/FMLHANDSHAKE]: Sending ticking packet info 'net.minecraftforge.network.HandshakeMessages$S2CModList' to 'fml:handshake' sequence 1
[08May2026 16:01:58.788] [Netty Local Client IO #0/DEBUG] [net.minecraftforge.network.LoginWrapper/FMLHANDSHAKE]: Recieved login wrapper packet event for channel fml:handshake with index 1
[08May2026 16:01:58.789] [Netty Local Client IO #0/DEBUG] [net.minecraftforge.network.HandshakeHandler/FMLHANDSHAKE]: Logging into server with mod list [minecraft, pvz2mod, forge]
[08May2026 16:01:58.790] [Netty Local Client IO #0/DEBUG] [net.minecraftforge.network.NetworkRegistry/NETREGISTRY]: Channel 'fml:loginwrapper' : Version test of 'FML3' from server : ACCEPTED
[08May2026 16:01:58.790] [Netty Local Client IO #0/DEBUG] [net.minecraftforge.network.NetworkRegistry/NETREGISTRY]: Channel 'forge:tier_sorting' : Version test of '1.0' from server : ACCEPTED
[08May2026 16:01:58.790] [Netty Local Client IO #0/DEBUG] [net.minecraftforge.network.NetworkRegistry/NETREGISTRY]: Channel 'fml:handshake' : Version test of 'FML3' from server : ACCEPTED
[08May2026 16:01:58.790] [Netty Local Client IO #0/DEBUG] [net.minecraftforge.network.NetworkRegistry/NETREGISTRY]: Channel 'minecraft:unregister' : Version test of 'FML3' from server : ACCEPTED
[08May2026 16:01:58.790] [Netty Local Client IO #0/DEBUG] [net.minecraftforge.network.NetworkRegistry/NETREGISTRY]: Channel 'fml:play' : Version test of 'FML3' from server : ACCEPTED
[08May2026 16:01:58.790] [Netty Local Client IO #0/DEBUG] [net.minecraftforge.network.NetworkRegistry/NETREGISTRY]: Channel 'minecraft:register' : Version test of 'FML3' from server : ACCEPTED
[08May2026 16:01:58.790] [Netty Local Client IO #0/DEBUG] [net.minecraftforge.network.NetworkRegistry/NETREGISTRY]: Channel 'forge:split' : Version test of '1.1' from server : ACCEPTED
[08May2026 16:01:58.790] [Netty Local Client IO #0/DEBUG] [net.minecraftforge.network.NetworkRegistry/NETREGISTRY]: Channel 'pvz2mod:main' : Version test of '1' from server : ACCEPTED
[08May2026 16:01:58.790] [Netty Local Client IO #0/DEBUG] [net.minecraftforge.network.NetworkRegistry/NETREGISTRY]: Accepting channel list from server
[08May2026 16:01:58.791] [Netty Local Client IO #0/DEBUG] [net.minecraftforge.network.LoginWrapper/FMLHANDSHAKE]: Dispatching wrapped packet reply for channel fml:handshake with index 1
[08May2026 16:01:58.792] [Netty Local Client IO #0/DEBUG] [net.minecraftforge.network.HandshakeHandler/FMLHANDSHAKE]: Accepted server connection
[08May2026 16:01:58.792] [Netty Server IO #1/DEBUG] [net.minecraftforge.network.LoginWrapper/FMLHANDSHAKE]: Recieved login wrapper packet event for channel fml:handshake with index 1
[08May2026 16:01:58.792] [Netty Server IO #1/DEBUG] [net.minecraftforge.network.HandshakeHandler/FMLHANDSHAKE]: Received client indexed reply 1 of type net.minecraftforge.network.HandshakeMessages$C2SModListReply
[08May2026 16:01:58.792] [Netty Local Client IO #0/DEBUG] [net.minecraftforge.network.HandshakeHandler/REGISTRIES]: Expecting 19 registries: [minecraft:command_argument_type, minecraft:recipe_serializer, minecraft:sound_event, minecraft:particle_type, minecraft:villager_profession, minecraft:item, minecraft:potion, minecraft:painting_variant, forge:fluid_type, minecraft:block_entity_type, forge:display_contexts, minecraft:block, forge:entity_data_serializers, minecraft:mob_effect, minecraft:stat_type, minecraft:menu, minecraft:enchantment, minecraft:fluid, minecraft:entity_type]
[08May2026 16:01:58.793] [Netty Server IO #1/DEBUG] [net.minecraftforge.network.HandshakeHandler/FMLHANDSHAKE]: Received client connection with modlist [minecraft, pvz2mod, forge]
[08May2026 16:01:58.793] [Netty Server IO #1/DEBUG] [net.minecraftforge.network.NetworkRegistry/NETREGISTRY]: Channel 'fml:loginwrapper' : Version test of 'FML3' from client : ACCEPTED
[08May2026 16:01:58.793] [Netty Server IO #1/DEBUG] [net.minecraftforge.network.NetworkRegistry/NETREGISTRY]: Channel 'forge:tier_sorting' : Version test of '1.0' from client : ACCEPTED
[08May2026 16:01:58.793] [Netty Server IO #1/DEBUG] [net.minecraftforge.network.NetworkRegistry/NETREGISTRY]: Channel 'fml:handshake' : Version test of 'FML3' from client : ACCEPTED
[08May2026 16:01:58.793] [Netty Server IO #1/DEBUG] [net.minecraftforge.network.NetworkRegistry/NETREGISTRY]: Channel 'minecraft:unregister' : Version test of 'FML3' from client : ACCEPTED
[08May2026 16:01:58.793] [Netty Server IO #1/DEBUG] [net.minecraftforge.network.NetworkRegistry/NETREGISTRY]: Channel 'fml:play' : Version test of 'FML3' from client : ACCEPTED
[08May2026 16:01:58.793] [Netty Server IO #1/DEBUG] [net.minecraftforge.network.NetworkRegistry/NETREGISTRY]: Channel 'minecraft:register' : Version test of 'FML3' from client : ACCEPTED
[08May2026 16:01:58.793] [Netty Server IO #1/DEBUG] [net.minecraftforge.network.NetworkRegistry/NETREGISTRY]: Channel 'forge:split' : Version test of '1.1' from client : ACCEPTED
[08May2026 16:01:58.793] [Netty Server IO #1/DEBUG] [net.minecraftforge.network.NetworkRegistry/NETREGISTRY]: Channel 'pvz2mod:main' : Version test of '1' from client : ACCEPTED
[08May2026 16:01:58.793] [Netty Server IO #1/DEBUG] [net.minecraftforge.network.NetworkRegistry/NETREGISTRY]: Accepting channel list from client
[08May2026 16:01:58.793] [Netty Server IO #1/DEBUG] [net.minecraftforge.network.HandshakeHandler/FMLHANDSHAKE]: Accepted client connection mod list
[08May2026 16:01:58.806] [Server thread/DEBUG] [net.minecraftforge.network.HandshakeHandler/FMLHANDSHAKE]: Sending ticking packet info 'Config forge-server.toml' to 'fml:handshake' sequence 2
[08May2026 16:01:58.807] [Netty Local Client IO #0/DEBUG] [net.minecraftforge.network.LoginWrapper/FMLHANDSHAKE]: Recieved login wrapper packet event for channel fml:handshake with index 2
[08May2026 16:01:58.807] [Netty Local Client IO #0/DEBUG] [net.minecraftforge.network.HandshakeHandler/FMLHANDSHAKE]: Received config sync from server
[08May2026 16:01:58.807] [Netty Local Client IO #0/DEBUG] [net.minecraftforge.network.LoginWrapper/FMLHANDSHAKE]: Dispatching wrapped packet reply for channel fml:handshake with index 2
[08May2026 16:01:58.807] [Netty Server IO #1/DEBUG] [net.minecraftforge.network.LoginWrapper/FMLHANDSHAKE]: Recieved login wrapper packet event for channel fml:handshake with index 2
[08May2026 16:01:58.807] [Netty Server IO #1/DEBUG] [net.minecraftforge.network.HandshakeHandler/FMLHANDSHAKE]: Received client indexed reply 2 of type net.minecraftforge.network.HandshakeMessages$C2SAcknowledge
[08May2026 16:01:58.808] [Netty Server IO #1/DEBUG] [net.minecraftforge.network.HandshakeHandler/FMLHANDSHAKE]: Received acknowledgement from client
[08May2026 16:01:58.823] [Server thread/DEBUG] [net.minecraftforge.network.HandshakeHandler/FMLHANDSHAKE]: Handshake complete!
[08May2026 16:01:58.847] [Netty Local Client IO #0/INFO] [net.minecraftforge.network.NetworkHooks/]: Connected to a modded server.
[08May2026 16:01:58.878] [Server thread/INFO] [net.minecraft.server.players.PlayerList/]: Dev[local:E:2e1ce921] logged in with entity id 317 at (-11.5, 67.0, 22.5)
[08May2026 16:01:58.994] [Server thread/INFO] [net.minecraft.server.MinecraftServer/]: Dev joined the game
[08May2026 16:01:59.488] [Render thread/INFO] [net.minecraft.advancements.AdvancementList/]: Loaded 2 advancements
[08May2026 16:02:08.970] [Render thread/INFO] [net.minecraft.client.gui.components.ChatComponent/]: [System] [CHAT] penny spawned
[08May2026 16:03:02.937] [Server thread/ERROR] [net.minecraft.world.entity.Display/]: Display entityNot a string
[08May2026 16:03:06.461] [Server thread/ERROR] [net.minecraft.world.entity.Display/]: Display entityNot a string
[08May2026 16:03:06.687] [Server thread/ERROR] [net.minecraft.world.entity.Display/]: Display entityNot a string
[08May2026 16:03:06.688] [Server thread/ERROR] [net.minecraft.world.entity.Display/]: Display entityNot a string
[08May2026 16:03:06.935] [Server thread/ERROR] [net.minecraft.world.entity.Display/]: Display entityNot a string
[08May2026 16:03:06.935] [Server thread/ERROR] [net.minecraft.world.entity.Display/]: Display entityNot a string
[08May2026 16:03:07.185] [Server thread/ERROR] [net.minecraft.world.entity.Display/]: Display entityNot a string
[08May2026 16:03:07.186] [Server thread/ERROR] [net.minecraft.world.entity.Display/]: Display entityNot a string
[08May2026 16:03:07.435] [Server thread/ERROR] [net.minecraft.world.entity.Display/]: Display entityNot a string
[08May2026 16:03:07.435] [Server thread/ERROR] [net.minecraft.world.entity.Display/]: Display entityNot a string
[08May2026 16:03:07.686] [Server thread/ERROR] [net.minecraft.world.entity.Display/]: Display entityNot a string
[08May2026 16:03:07.686] [Server thread/ERROR] [net.minecraft.world.entity.Display/]: Display entityNot a string
[08May2026 16:03:07.935] [Server thread/ERROR] [net.minecraft.world.entity.Display/]: Display entityNot a string
[08May2026 16:03:07.936] [Server thread/ERROR] [net.minecraft.world.entity.Display/]: Display entityNot a string
[08May2026 16:03:08.185] [Server thread/ERROR] [net.minecraft.world.entity.Display/]: Display entityNot a string
[08May2026 16:03:08.186] [Server thread/ERROR] [net.minecraft.world.entity.Display/]: Display entityNot a string
[08May2026 16:03:08.434] [Server thread/ERROR] [net.minecraft.world.entity.Display/]: Display entityNot a string
[08May2026 16:03:08.435] [Server thread/ERROR] [net.minecraft.world.entity.Display/]: Display entityNot a string
[08May2026 16:03:08.686] [Server thread/ERROR] [net.minecraft.world.entity.Display/]: Display entityNot a string
[08May2026 16:03:08.686] [Server thread/ERROR] [net.minecraft.world.entity.Display/]: Display entityNot a string
[08May2026 16:03:08.936] [Server thread/ERROR] [net.minecraft.world.entity.Display/]: Display entityNot a string
[08May2026 16:03:08.936] [Server thread/ERROR] [net.minecraft.world.entity.Display/]: Display entityNot a string
[08May2026 16:03:09.186] [Server thread/ERROR] [net.minecraft.world.entity.Display/]: Display entityNot a string
[08May2026 16:03:09.186] [Server thread/ERROR] [net.minecraft.world.entity.Display/]: Display entityNot a string
[08May2026 16:03:09.435] [Server thread/ERROR] [net.minecraft.world.entity.Display/]: Display entityNot a string
[08May2026 16:03:09.435] [Server thread/ERROR] [net.minecraft.world.entity.Display/]: Display entityNot a string
[08May2026 16:03:09.685] [Server thread/ERROR] [net.minecraft.world.entity.Display/]: Display entityNot a string
[08May2026 16:03:09.685] [Server thread/ERROR] [net.minecraft.world.entity.Display/]: Display entityNot a string
[08May2026 16:03:09.936] [Server thread/ERROR] [net.minecraft.world.entity.Display/]: Display entityNot a string
[08May2026 16:03:09.936] [Server thread/ERROR] [net.minecraft.world.entity.Display/]: Display entityNot a string
[08May2026 16:03:10.185] [Server thread/ERROR] [net.minecraft.world.entity.Display/]: Display entityNot a string
[08May2026 16:03:10.185] [Server thread/ERROR] [net.minecraft.world.entity.Display/]: Display entityNot a string
[08May2026 16:03:10.435] [Server thread/ERROR] [net.minecraft.world.entity.Display/]: Display entityNot a string
[08May2026 16:03:10.436] [Server thread/ERROR] [net.minecraft.world.entity.Display/]: Display entityNot a string
[08May2026 16:03:10.686] [Server thread/ERROR] [net.minecraft.world.entity.Display/]: Display entityNot a string
[08May2026 16:03:10.687] [Server thread/ERROR] [net.minecraft.world.entity.Display/]: Display entityNot a string
[08May2026 16:03:10.934] [Server thread/ERROR] [net.minecraft.world.entity.Display/]: Display entityNot a string
[08May2026 16:03:10.934] [Server thread/ERROR] [net.minecraft.world.entity.Display/]: Display entityNot a string
[08May2026 16:03:11.185] [Server thread/ERROR] [net.minecraft.world.entity.Display/]: Display entityNot a string
[08May2026 16:03:11.185] [Server thread/ERROR] [net.minecraft.world.entity.Display/]: Display entityNot a string
[08May2026 16:03:11.435] [Server thread/ERROR] [net.minecraft.world.entity.Display/]: Display entityNot a string
[08May2026 16:03:11.436] [Server thread/ERROR] [net.minecraft.world.entity.Display/]: Display entityNot a string
[08May2026 16:03:11.684] [Server thread/ERROR] [net.minecraft.world.entity.Display/]: Display entityNot a string
[08May2026 16:03:11.684] [Server thread/ERROR] [net.minecraft.world.entity.Display/]: Display entityNot a string
[08May2026 16:03:11.942] [Server thread/ERROR] [net.minecraft.world.entity.Display/]: Display entityNot a string
[08May2026 16:03:11.942] [Server thread/ERROR] [net.minecraft.world.entity.Display/]: Display entityNot a string
[08May2026 16:03:12.185] [Server thread/ERROR] [net.minecraft.world.entity.Display/]: Display entityNot a string
[08May2026 16:03:12.185] [Server thread/ERROR] [net.minecraft.world.entity.Display/]: Display entityNot a string
[08May2026 16:03:12.435] [Server thread/ERROR] [net.minecraft.world.entity.Display/]: Display entityNot a string
[08May2026 16:03:12.435] [Server thread/ERROR] [net.minecraft.world.entity.Display/]: Display entityNot a string
[08May2026 16:03:12.685] [Server thread/ERROR] [net.minecraft.world.entity.Display/]: Display entityNot a string
[08May2026 16:03:12.686] [Server thread/ERROR] [net.minecraft.world.entity.Display/]: Display entityNot a string
[08May2026 16:03:12.936] [Server thread/ERROR] [net.minecraft.world.entity.Display/]: Display entityNot a string
[08May2026 16:03:12.936] [Server thread/ERROR] [net.minecraft.world.entity.Display/]: Display entityNot a string
[08May2026 16:03:13.186] [Server thread/ERROR] [net.minecraft.world.entity.Display/]: Display entityNot a string
[08May2026 16:03:13.186] [Server thread/ERROR] [net.minecraft.world.entity.Display/]: Display entityNot a string
[08May2026 16:03:13.435] [Server thread/ERROR] [net.minecraft.world.entity.Display/]: Display entityNot a string
[08May2026 16:03:13.436] [Server thread/ERROR] [net.minecraft.world.entity.Display/]: Display entityNot a string
[08May2026 16:03:13.684] [Server thread/ERROR] [net.minecraft.world.entity.Display/]: Display entityNot a string
[08May2026 16:03:13.684] [Server thread/ERROR] [net.minecraft.world.entity.Display/]: Display entityNot a string
[08May2026 16:03:13.935] [Server thread/ERROR] [net.minecraft.world.entity.Display/]: Display entityNot a string
[08May2026 16:03:13.935] [Server thread/ERROR] [net.minecraft.world.entity.Display/]: Display entityNot a string
[08May2026 16:03:14.185] [Server thread/ERROR] [net.minecraft.world.entity.Display/]: Display entityNot a string
[08May2026 16:03:14.186] [Server thread/ERROR] [net.minecraft.world.entity.Display/]: Display entityNot a string
[08May2026 16:03:14.435] [Server thread/ERROR] [net.minecraft.world.entity.Display/]: Display entityNot a string
[08May2026 16:03:14.435] [Server thread/ERROR] [net.minecraft.world.entity.Display/]: Display entityNot a string
[08May2026 16:03:14.685] [Server thread/ERROR] [net.minecraft.world.entity.Display/]: Display entityNot a string
[08May2026 16:03:14.686] [Server thread/ERROR] [net.minecraft.world.entity.Display/]: Display entityNot a string
[08May2026 16:03:14.935] [Server thread/ERROR] [net.minecraft.world.entity.Display/]: Display entityNot a string
[08May2026 16:03:14.935] [Server thread/ERROR] [net.minecraft.world.entity.Display/]: Display entityNot a string
[08May2026 16:03:15.185] [Server thread/ERROR] [net.minecraft.world.entity.Display/]: Display entityNot a string
[08May2026 16:03:15.185] [Server thread/ERROR] [net.minecraft.world.entity.Display/]: Display entityNot a string
[08May2026 16:03:15.435] [Server thread/ERROR] [net.minecraft.world.entity.Display/]: Display entityNot a string
[08May2026 16:03:15.435] [Server thread/ERROR] [net.minecraft.world.entity.Display/]: Display entityNot a string
[08May2026 16:03:15.687] [Server thread/ERROR] [net.minecraft.world.entity.Display/]: Display entityNot a string
[08May2026 16:03:15.687] [Server thread/ERROR] [net.minecraft.world.entity.Display/]: Display entityNot a string
[08May2026 16:03:15.935] [Server thread/ERROR] [net.minecraft.world.entity.Display/]: Display entityNot a string
[08May2026 16:03:15.935] [Server thread/ERROR] [net.minecraft.world.entity.Display/]: Display entityNot a string
[08May2026 16:03:16.185] [Server thread/ERROR] [net.minecraft.world.entity.Display/]: Display entityNot a string
[08May2026 16:03:16.186] [Server thread/ERROR] [net.minecraft.world.entity.Display/]: Display entityNot a string
[08May2026 16:03:16.435] [Server thread/ERROR] [net.minecraft.world.entity.Display/]: Display entityNot a string
[08May2026 16:03:16.435] [Server thread/ERROR] [net.minecraft.world.entity.Display/]: Display entityNot a string
[08May2026 16:03:16.686] [Server thread/ERROR] [net.minecraft.world.entity.Display/]: Display entityNot a string
[08May2026 16:03:16.686] [Server thread/ERROR] [net.minecraft.world.entity.Display/]: Display entityNot a string
[08May2026 16:03:16.936] [Server thread/ERROR] [net.minecraft.world.entity.Display/]: Display entityNot a string
[08May2026 16:03:16.937] [Server thread/ERROR] [net.minecraft.world.entity.Display/]: Display entityNot a string
[08May2026 16:03:17.184] [Server thread/ERROR] [net.minecraft.world.entity.Display/]: Display entityNot a string
[08May2026 16:03:17.184] [Server thread/ERROR] [net.minecraft.world.entity.Display/]: Display entityNot a string
[08May2026 16:03:17.437] [Server thread/ERROR] [net.minecraft.world.entity.Display/]: Display entityNot a string
[08May2026 16:03:17.437] [Server thread/ERROR] [net.minecraft.world.entity.Display/]: Display entityNot a string
[08May2026 16:03:17.686] [Server thread/ERROR] [net.minecraft.world.entity.Display/]: Display entityNot a string
[08May2026 16:03:17.686] [Server thread/ERROR] [net.minecraft.world.entity.Display/]: Display entityNot a string
[08May2026 16:03:17.934] [Server thread/ERROR] [net.minecraft.world.entity.Display/]: Display entityNot a string
[08May2026 16:03:17.935] [Server thread/ERROR] [net.minecraft.world.entity.Display/]: Display entityNot a string
[08May2026 16:03:18.184] [Server thread/ERROR] [net.minecraft.world.entity.Display/]: Display entityNot a string
[08May2026 16:03:18.184] [Server thread/ERROR] [net.minecraft.world.entity.Display/]: Display entityNot a string
[08May2026 16:03:18.436] [Server thread/ERROR] [net.minecraft.world.entity.Display/]: Display entityNot a string
[08May2026 16:03:18.436] [Server thread/ERROR] [net.minecraft.world.entity.Display/]: Display entityNot a string
[08May2026 16:03:18.684] [Server thread/ERROR] [net.minecraft.world.entity.Display/]: Display entityNot a string
[08May2026 16:03:18.684] [Server thread/ERROR] [net.minecraft.world.entity.Display/]: Display entityNot a string
[08May2026 16:03:18.934] [Server thread/ERROR] [net.minecraft.world.entity.Display/]: Display entityNot a string
[08May2026 16:03:18.935] [Server thread/ERROR] [net.minecraft.world.entity.Display/]: Display entityNot a string
[08May2026 16:03:19.185] [Server thread/ERROR] [net.minecraft.world.entity.Display/]: Display entityNot a string
[08May2026 16:03:19.186] [Server thread/ERROR] [net.minecraft.world.entity.Display/]: Display entityNot a string
[08May2026 16:03:19.435] [Server thread/ERROR] [net.minecraft.world.entity.Display/]: Display entityNot a string
[08May2026 16:03:19.435] [Server thread/ERROR] [net.minecraft.world.entity.Display/]: Display entityNot a string
[08May2026 16:03:19.684] [Server thread/ERROR] [net.minecraft.world.entity.Display/]: Display entityNot a string
[08May2026 16:03:19.684] [Server thread/ERROR] [net.minecraft.world.entity.Display/]: Display entityNot a string
[08May2026 16:03:19.935] [Server thread/ERROR] [net.minecraft.world.entity.Display/]: Display entityNot a string
[08May2026 16:03:19.935] [Server thread/ERROR] [net.minecraft.world.entity.Display/]: Display entityNot a string
[08May2026 16:03:20.186] [Server thread/ERROR] [net.minecraft.world.entity.Display/]: Display entityNot a string
[08May2026 16:03:20.186] [Server thread/ERROR] [net.minecraft.world.entity.Display/]: Display entityNot a string
[08May2026 16:03:20.435] [Server thread/ERROR] [net.minecraft.world.entity.Display/]: Display entityNot a string
[08May2026 16:03:20.436] [Server thread/ERROR] [net.minecraft.world.entity.Display/]: Display entityNot a string
[08May2026 16:03:20.685] [Server thread/ERROR] [net.minecraft.world.entity.Display/]: Display entityNot a string
[08May2026 16:03:20.686] [Server thread/ERROR] [net.minecraft.world.entity.Display/]: Display entityNot a string
[08May2026 16:03:20.934] [Server thread/ERROR] [net.minecraft.world.entity.Display/]: Display entityNot a string
[08May2026 16:03:20.935] [Server thread/ERROR] [net.minecraft.world.entity.Display/]: Display entityNot a string
[08May2026 16:03:21.186] [Server thread/ERROR] [net.minecraft.world.entity.Display/]: Display entityNot a string
[08May2026 16:03:21.186] [Server thread/ERROR] [net.minecraft.world.entity.Display/]: Display entityNot a string
[08May2026 16:03:21.438] [Server thread/ERROR] [net.minecraft.world.entity.Display/]: Display entityNot a string
[08May2026 16:03:21.439] [Server thread/ERROR] [net.minecraft.world.entity.Display/]: Display entityNot a string
[08May2026 16:03:21.685] [Server thread/ERROR] [net.minecraft.world.entity.Display/]: Display entityNot a string
[08May2026 16:03:21.686] [Server thread/ERROR] [net.minecraft.world.entity.Display/]: Display entityNot a string
[08May2026 16:03:21.936] [Server thread/ERROR] [net.minecraft.world.entity.Display/]: Display entityNot a string
[08May2026 16:03:21.936] [Server thread/ERROR] [net.minecraft.world.entity.Display/]: Display entityNot a string
[08May2026 16:03:22.185] [Server thread/ERROR] [net.minecraft.world.entity.Display/]: Display entityNot a string
[08May2026 16:03:22.185] [Server thread/ERROR] [net.minecraft.world.entity.Display/]: Display entityNot a string
[08May2026 16:03:22.246] [Server thread/INFO] [net.minecraft.server.MinecraftServer/]: [Dev: Summoned peashooter]
[08May2026 16:03:22.254] [Render thread/INFO] [net.minecraft.client.gui.components.ChatComponent/]: [System] [CHAT] Summoned peashooter
[08May2026 16:03:22.435] [Server thread/ERROR] [net.minecraft.world.entity.Display/]: Display entityNot a string
[08May2026 16:03:22.436] [Server thread/ERROR] [net.minecraft.world.entity.Display/]: Display entityNot a string
[08May2026 16:03:22.684] [Server thread/ERROR] [net.minecraft.world.entity.Display/]: Display entityNot a string
[08May2026 16:03:22.684] [Server thread/ERROR] [net.minecraft.world.entity.Display/]: Display entityNot a string
[08May2026 16:03:22.936] [Server thread/ERROR] [net.minecraft.world.entity.Display/]: Display entityNot a string
[08May2026 16:03:22.936] [Server thread/ERROR] [net.minecraft.world.entity.Display/]: Display entityNot a string
[08May2026 16:03:23.185] [Server thread/ERROR] [net.minecraft.world.entity.Display/]: Display entityNot a string
[08May2026 16:03:23.185] [Server thread/ERROR] [net.minecraft.world.entity.Display/]: Display entityNot a string
[08May2026 16:03:23.434] [Server thread/ERROR] [net.minecraft.world.entity.Display/]: Display entityNot a string
[08May2026 16:03:23.435] [Server thread/ERROR] [net.minecraft.world.entity.Display/]: Display entityNot a string
[08May2026 16:03:23.686] [Server thread/ERROR] [net.minecraft.world.entity.Display/]: Display entityNot a string
[08May2026 16:03:23.687] [Server thread/ERROR] [net.minecraft.world.entity.Display/]: Display entityNot a string
[08May2026 16:03:23.934] [Server thread/ERROR] [net.minecraft.world.entity.Display/]: Display entityNot a string
[08May2026 16:03:23.934] [Server thread/ERROR] [net.minecraft.world.entity.Display/]: Display entityNot a string
[08May2026 16:03:24.187] [Server thread/ERROR] [net.minecraft.world.entity.Display/]: Display entityNot a string
[08May2026 16:03:24.188] [Server thread/ERROR] [net.minecraft.world.entity.Display/]: Display entityNot a string
[08May2026 16:03:24.418] [Server thread/INFO] [net.minecraft.server.MinecraftServer/]: [Dev: Summoned peashooter]
[08May2026 16:03:24.422] [Render thread/INFO] [net.minecraft.client.gui.components.ChatComponent/]: [System] [CHAT] Summoned peashooter
[08May2026 16:03:24.436] [Server thread/ERROR] [net.minecraft.world.entity.Display/]: Display entityNot a string
[08May2026 16:03:24.436] [Server thread/ERROR] [net.minecraft.world.entity.Display/]: Display entityNot a string
[08May2026 16:03:24.687] [Server thread/ERROR] [net.minecraft.world.entity.Display/]: Display entityNot a string
[08May2026 16:03:24.687] [Server thread/ERROR] [net.minecraft.world.entity.Display/]: Display entityNot a string
[08May2026 16:03:24.935] [Server thread/ERROR] [net.minecraft.world.entity.Display/]: Display entityNot a string
[08May2026 16:03:24.936] [Server thread/ERROR] [net.minecraft.world.entity.Display/]: Display entityNot a string
[08May2026 16:03:25.186] [Server thread/ERROR] [net.minecraft.world.entity.Display/]: Display entityNot a string
[08May2026 16:03:25.186] [Server thread/ERROR] [net.minecraft.world.entity.Display/]: Display entityNot a string
[08May2026 16:03:25.438] [Server thread/ERROR] [net.minecraft.world.entity.Display/]: Display entityNot a string
[08May2026 16:03:25.438] [Server thread/ERROR] [net.minecraft.world.entity.Display/]: Display entityNot a string
[08May2026 16:03:25.687] [Server thread/ERROR] [net.minecraft.world.entity.Display/]: Display entityNot a string
[08May2026 16:03:25.688] [Server thread/ERROR] [net.minecraft.world.entity.Display/]: Display entityNot a string
[08May2026 16:03:25.937] [Server thread/ERROR] [net.minecraft.world.entity.Display/]: Display entityNot a string
[08May2026 16:03:25.937] [Server thread/ERROR] [net.minecraft.world.entity.Display/]: Display entityNot a string
[08May2026 16:03:26.186] [Server thread/ERROR] [net.minecraft.world.entity.Display/]: Display entityNot a string
[08May2026 16:03:26.187] [Server thread/ERROR] [net.minecraft.world.entity.Display/]: Display entityNot a string
[08May2026 16:03:26.436] [Server thread/ERROR] [net.minecraft.world.entity.Display/]: Display entityNot a string
[08May2026 16:03:26.436] [Server thread/ERROR] [net.minecraft.world.entity.Display/]: Display entityNot a string
[08May2026 16:03:26.684] [Server thread/ERROR] [net.minecraft.world.entity.Display/]: Display entityNot a string
[08May2026 16:03:26.685] [Server thread/ERROR] [net.minecraft.world.entity.Display/]: Display entityNot a string
[08May2026 16:03:26.935] [Server thread/ERROR] [net.minecraft.world.entity.Display/]: Display entityNot a string
[08May2026 16:03:26.935] [Server thread/ERROR] [net.minecraft.world.entity.Display/]: Display entityNot a string
[08May2026 16:03:27.109] [Server thread/INFO] [net.minecraft.server.MinecraftServer/]: [Dev: Summoned peashooter]
[08May2026 16:03:27.110] [Render thread/INFO] [net.minecraft.client.gui.components.ChatComponent/]: [System] [CHAT] Summoned peashooter
[08May2026 16:03:27.184] [Server thread/ERROR] [net.minecraft.world.entity.Display/]: Display entityNot a string
[08May2026 16:03:27.184] [Server thread/ERROR] [net.minecraft.world.entity.Display/]: Display entityNot a string
[08May2026 16:03:27.436] [Server thread/ERROR] [net.minecraft.world.entity.Display/]: Display entityNot a string
[08May2026 16:03:27.437] [Server thread/ERROR] [net.minecraft.world.entity.Display/]: Display entityNot a string
[08May2026 16:03:27.684] [Server thread/ERROR] [net.minecraft.world.entity.Display/]: Display entityNot a string
[08May2026 16:03:27.684] [Server thread/ERROR] [net.minecraft.world.entity.Display/]: Display entityNot a string
[08May2026 16:03:27.944] [Server thread/ERROR] [net.minecraft.world.entity.Display/]: Display entityNot a string
[08May2026 16:03:27.944] [Server thread/ERROR] [net.minecraft.world.entity.Display/]: Display entityNot a string
[08May2026 16:03:28.184] [Server thread/ERROR] [net.minecraft.world.entity.Display/]: Display entityNot a string
[08May2026 16:03:28.184] [Server thread/ERROR] [net.minecraft.world.entity.Display/]: Display entityNot a string
[08May2026 16:03:28.434] [Server thread/ERROR] [net.minecraft.world.entity.Display/]: Display entityNot a string
[08May2026 16:03:28.434] [Server thread/ERROR] [net.minecraft.world.entity.Display/]: Display entityNot a string
[08May2026 16:03:28.687] [Server thread/ERROR] [net.minecraft.world.entity.Display/]: Display entityNot a string
[08May2026 16:03:28.688] [Server thread/ERROR] [net.minecraft.world.entity.Display/]: Display entityNot a string
[08May2026 16:03:28.937] [Server thread/ERROR] [net.minecraft.world.entity.Display/]: Display entityNot a string
[08May2026 16:03:28.938] [Server thread/ERROR] [net.minecraft.world.entity.Display/]: Display entityNot a string
[08May2026 16:03:29.185] [Server thread/ERROR] [net.minecraft.world.entity.Display/]: Display entityNot a string
[08May2026 16:03:29.185] [Server thread/ERROR] [net.minecraft.world.entity.Display/]: Display entityNot a string
[08May2026 16:03:29.360] [Server thread/INFO] [net.minecraft.server.MinecraftServer/]: [Dev: Summoned peashooter]
[08May2026 16:03:29.362] [Render thread/INFO] [net.minecraft.client.gui.components.ChatComponent/]: [System] [CHAT] Summoned peashooter
[08May2026 16:03:29.436] [Server thread/ERROR] [net.minecraft.world.entity.Display/]: Display entityNot a string
[08May2026 16:03:29.436] [Server thread/ERROR] [net.minecraft.world.entity.Display/]: Display entityNot a string
[08May2026 16:03:29.687] [Server thread/ERROR] [net.minecraft.world.entity.Display/]: Display entityNot a string
[08May2026 16:03:29.687] [Server thread/ERROR] [net.minecraft.world.entity.Display/]: Display entityNot a string
[08May2026 16:03:29.937] [Server thread/ERROR] [net.minecraft.world.entity.Display/]: Display entityNot a string
[08May2026 16:03:29.937] [Server thread/ERROR] [net.minecraft.world.entity.Display/]: Display entityNot a string
[08May2026 16:03:30.189] [Server thread/ERROR] [net.minecraft.world.entity.Display/]: Display entityNot a string
[08May2026 16:03:30.189] [Server thread/ERROR] [net.minecraft.world.entity.Display/]: Display entityNot a string
[08May2026 16:03:30.435] [Server thread/ERROR] [net.minecraft.world.entity.Display/]: Display entityNot a string
[08May2026 16:03:30.436] [Server thread/ERROR] [net.minecraft.world.entity.Display/]: Display entityNot a string
[08May2026 16:03:30.685] [Server thread/ERROR] [net.minecraft.world.entity.Display/]: Display entityNot a string
[08May2026 16:03:30.685] [Server thread/ERROR] [net.minecraft.world.entity.Display/]: Display entityNot a string
[08May2026 16:03:30.938] [Server thread/ERROR] [net.minecraft.world.entity.Display/]: Display entityNot a string
[08May2026 16:03:30.938] [Server thread/ERROR] [net.minecraft.world.entity.Display/]: Display entityNot a string
[08May2026 16:03:31.185] [Server thread/ERROR] [net.minecraft.world.entity.Display/]: Display entityNot a string
[08May2026 16:03:31.185] [Server thread/ERROR] [net.minecraft.world.entity.Display/]: Display entityNot a string
[08May2026 16:03:31.434] [Server thread/ERROR] [net.minecraft.world.entity.Display/]: Display entityNot a string
[08May2026 16:03:31.434] [Server thread/ERROR] [net.minecraft.world.entity.Display/]: Display entityNot a string
[08May2026 16:03:31.686] [Server thread/ERROR] [net.minecraft.world.entity.Display/]: Display entityNot a string
[08May2026 16:03:31.686] [Server thread/ERROR] [net.minecraft.world.entity.Display/]: Display entityNot a string
[08May2026 16:03:31.839] [Render thread/INFO] [net.minecraft.client.gui.components.ChatComponent/]: [System] [CHAT] Penny gave you a Seed Holder.
[08May2026 16:03:31.840] [Render thread/INFO] [net.minecraft.client.gui.components.ChatComponent/]: [System] [CHAT] Starter unlocks: Sunflower and Peashooter
[08May2026 16:03:31.840] [Render thread/INFO] [net.minecraft.client.gui.components.ChatComponent/]: [System] [CHAT] Penny: Sun is your main currency. Pick it up before it fades!
[08May2026 16:03:31.939] [Server thread/ERROR] [net.minecraft.world.entity.Display/]: Display entityNot a string
[08May2026 16:03:31.939] [Server thread/ERROR] [net.minecraft.world.entity.Display/]: Display entityNot a string
[08May2026 16:03:32.188] [Server thread/ERROR] [net.minecraft.world.entity.Display/]: Display entityNot a string
[08May2026 16:03:32.188] [Server thread/ERROR] [net.minecraft.world.entity.Display/]: Display entityNot a string
[08May2026 16:03:32.438] [Server thread/ERROR] [net.minecraft.world.entity.Display/]: Display entityNot a string
[08May2026 16:03:32.438] [Server thread/ERROR] [net.minecraft.world.entity.Display/]: Display entityNot a string
[08May2026 16:03:32.684] [Server thread/ERROR] [net.minecraft.world.entity.Display/]: Display entityNot a string
[08May2026 16:03:32.684] [Server thread/ERROR] [net.minecraft.world.entity.Display/]: Display entityNot a string
[08May2026 16:03:32.936] [Server thread/ERROR] [net.minecraft.world.entity.Display/]: Display entityNot a string
[08May2026 16:03:32.936] [Server thread/ERROR] [net.minecraft.world.entity.Display/]: Display entityNot a string
[08May2026 16:03:33.186] [Server thread/ERROR] [net.minecraft.world.entity.Display/]: Display entityNot a string
[08May2026 16:03:33.186] [Server thread/ERROR] [net.minecraft.world.entity.Display/]: Display entityNot a string
[08May2026 16:03:33.436] [Server thread/ERROR] [net.minecraft.world.entity.Display/]: Display entityNot a string
[08May2026 16:03:33.436] [Server thread/ERROR] [net.minecraft.world.entity.Display/]: Display entityNot a string
[08May2026 16:03:33.686] [Server thread/ERROR] [net.minecraft.world.entity.Display/]: Display entityNot a string
[08May2026 16:03:33.687] [Server thread/ERROR] [net.minecraft.world.entity.Display/]: Display entityNot a string
[08May2026 16:03:33.937] [Server thread/ERROR] [net.minecraft.world.entity.Display/]: Display entityNot a string
[08May2026 16:03:33.938] [Server thread/ERROR] [net.minecraft.world.entity.Display/]: Display entityNot a string
[08May2026 16:03:34.186] [Server thread/ERROR] [net.minecraft.world.entity.Display/]: Display entityNot a string
[08May2026 16:03:34.186] [Server thread/ERROR] [net.minecraft.world.entity.Display/]: Display entityNot a string
[08May2026 16:03:34.439] [Server thread/ERROR] [net.minecraft.world.entity.Display/]: Display entityNot a string
[08May2026 16:03:34.439] [Server thread/ERROR] [net.minecraft.world.entity.Display/]: Display entityNot a string
[08May2026 16:03:34.688] [Server thread/ERROR] [net.minecraft.world.entity.Display/]: Display entityNot a string
[08May2026 16:03:34.689] [Server thread/ERROR] [net.minecraft.world.entity.Display/]: Display entityNot a string
[08May2026 16:03:34.936] [Server thread/ERROR] [net.minecraft.world.entity.Display/]: Display entityNot a string
[08May2026 16:03:34.936] [Server thread/ERROR] [net.minecraft.world.entity.Display/]: Display entityNot a string
[08May2026 16:03:35.186] [Server thread/ERROR] [net.minecraft.world.entity.Display/]: Display entityNot a string
[08May2026 16:03:35.186] [Server thread/ERROR] [net.minecraft.world.entity.Display/]: Display entityNot a string
[08May2026 16:03:35.436] [Server thread/ERROR] [net.minecraft.world.entity.Display/]: Display entityNot a string
[08May2026 16:03:35.436] [Server thread/ERROR] [net.minecraft.world.entity.Display/]: Display entityNot a string
[08May2026 16:03:35.684] [Server thread/ERROR] [net.minecraft.world.entity.Display/]: Display entityNot a string
[08May2026 16:03:35.684] [Server thread/ERROR] [net.minecraft.world.entity.Display/]: Display entityNot a string
[08May2026 16:03:35.904] [Server thread/INFO] [net.minecraft.server.MinecraftServer/]: [Dev: Summoned peashooter]
[08May2026 16:03:35.904] [Render thread/INFO] [net.minecraft.client.gui.components.ChatComponent/]: [System] [CHAT] Summoned peashooter
[08May2026 16:03:35.935] [Server thread/ERROR] [net.minecraft.world.entity.Display/]: Display entityNot a string
[08May2026 16:03:35.935] [Server thread/ERROR] [net.minecraft.world.entity.Display/]: Display entityNot a string
[08May2026 16:03:36.187] [Server thread/ERROR] [net.minecraft.world.entity.Display/]: Display entityNot a string
[08May2026 16:03:36.187] [Server thread/ERROR] [net.minecraft.world.entity.Display/]: Display entityNot a string
[08May2026 16:03:36.436] [Server thread/ERROR] [net.minecraft.world.entity.Display/]: Display entityNot a string
[08May2026 16:03:36.437] [Server thread/ERROR] [net.minecraft.world.entity.Display/]: Display entityNot a string
[08May2026 16:03:36.684] [Server thread/ERROR] [net.minecraft.world.entity.Display/]: Display entityNot a string
[08May2026 16:03:36.685] [Server thread/ERROR] [net.minecraft.world.entity.Display/]: Display entityNot a string
[08May2026 16:03:36.935] [Server thread/ERROR] [net.minecraft.world.entity.Display/]: Display entityNot a string
[08May2026 16:03:36.935] [Server thread/ERROR] [net.minecraft.world.entity.Display/]: Display entityNot a string
[08May2026 16:03:37.184] [Server thread/ERROR] [net.minecraft.world.entity.Display/]: Display entityNot a string
[08May2026 16:03:37.185] [Server thread/ERROR] [net.minecraft.world.entity.Display/]: Display entityNot a string
[08May2026 16:03:37.434] [Server thread/ERROR] [net.minecraft.world.entity.Display/]: Display entityNot a string
[08May2026 16:03:37.435] [Server thread/ERROR] [net.minecraft.world.entity.Display/]: Display entityNot a string
[08May2026 16:03:37.442] [Server thread/INFO] [net.minecraft.server.MinecraftServer/]: [Dev: Summoned peashooter]
[08May2026 16:03:37.445] [Render thread/INFO] [net.minecraft.client.gui.components.ChatComponent/]: [System] [CHAT] Summoned peashooter
[08May2026 16:03:37.685] [Server thread/ERROR] [net.minecraft.world.entity.Display/]: Display entityNot a string
[08May2026 16:03:37.686] [Server thread/ERROR] [net.minecraft.world.entity.Display/]: Display entityNot a string
[08May2026 16:03:37.938] [Server thread/ERROR] [net.minecraft.world.entity.Display/]: Display entityNot a string
[08May2026 16:03:37.938] [Server thread/ERROR] [net.minecraft.world.entity.Display/]: Display entityNot a string
[08May2026 16:03:38.185] [Server thread/ERROR] [net.minecraft.world.entity.Display/]: Display entityNot a string
[08May2026 16:03:38.186] [Server thread/ERROR] [net.minecraft.world.entity.Display/]: Display entityNot a string
[08May2026 16:03:38.436] [Server thread/ERROR] [net.minecraft.world.entity.Display/]: Display entityNot a string
[08May2026 16:03:38.437] [Server thread/ERROR] [net.minecraft.world.entity.Display/]: Display entityNot a string
[08May2026 16:03:38.688] [Server thread/ERROR] [net.minecraft.world.entity.Display/]: Display entityNot a string
[08May2026 16:03:38.688] [Server thread/ERROR] [net.minecraft.world.entity.Display/]: Display entityNot a string
[08May2026 16:03:38.818] [Server thread/INFO] [net.minecraft.server.MinecraftServer/]: [Dev: Summoned peashooter]
[08May2026 16:03:38.823] [Render thread/INFO] [net.minecraft.client.gui.components.ChatComponent/]: [System] [CHAT] Summoned peashooter
[08May2026 16:03:38.935] [Server thread/ERROR] [net.minecraft.world.entity.Display/]: Display entityNot a string
[08May2026 16:03:38.936] [Server thread/ERROR] [net.minecraft.world.entity.Display/]: Display entityNot a string
[08May2026 16:03:39.186] [Server thread/ERROR] [net.minecraft.world.entity.Display/]: Display entityNot a string
[08May2026 16:03:39.187] [Server thread/ERROR] [net.minecraft.world.entity.Display/]: Display entityNot a string
[08May2026 16:03:39.434] [Server thread/ERROR] [net.minecraft.world.entity.Display/]: Display entityNot a string
[08May2026 16:03:39.435] [Server thread/ERROR] [net.minecraft.world.entity.Display/]: Display entityNot a string
[08May2026 16:03:39.689] [Server thread/ERROR] [net.minecraft.world.entity.Display/]: Display entityNot a string
[08May2026 16:03:39.689] [Server thread/ERROR] [net.minecraft.world.entity.Display/]: Display entityNot a string
[08May2026 16:03:39.937] [Server thread/ERROR] [net.minecraft.world.entity.Display/]: Display entityNot a string
[08May2026 16:03:39.937] [Server thread/ERROR] [net.minecraft.world.entity.Display/]: Display entityNot a string
[08May2026 16:03:40.188] [Server thread/ERROR] [net.minecraft.world.entity.Display/]: Display entityNot a string
[08May2026 16:03:40.188] [Server thread/ERROR] [net.minecraft.world.entity.Display/]: Display entityNot a string
[08May2026 16:03:40.437] [Server thread/ERROR] [net.minecraft.world.entity.Display/]: Display entityNot a string
[08May2026 16:03:40.438] [Server thread/ERROR] [net.minecraft.world.entity.Display/]: Display entityNot a string
[08May2026 16:03:40.625] [Server thread/INFO] [net.minecraft.server.MinecraftServer/]: [Dev: Summoned peashooter]
[08May2026 16:03:40.625] [Render thread/INFO] [net.minecraft.client.gui.components.ChatComponent/]: [System] [CHAT] Summoned peashooter
[08May2026 16:03:40.688] [Server thread/ERROR] [net.minecraft.world.entity.Display/]: Display entityNot a string
[08May2026 16:03:40.689] [Server thread/ERROR] [net.minecraft.world.entity.Display/]: Display entityNot a string
[08May2026 16:03:40.938] [Server thread/ERROR] [net.minecraft.world.entity.Display/]: Display entityNot a string
[08May2026 16:03:40.938] [Server thread/ERROR] [net.minecraft.world.entity.Display/]: Display entityNot a string
[08May2026 16:03:41.184] [Server thread/ERROR] [net.minecraft.world.entity.Display/]: Display entityNot a string
[08May2026 16:03:41.185] [Server thread/ERROR] [net.minecraft.world.entity.Display/]: Display entityNot a string
[08May2026 16:03:41.436] [Server thread/ERROR] [net.minecraft.world.entity.Display/]: Display entityNot a string
[08May2026 16:03:41.436] [Server thread/ERROR] [net.minecraft.world.entity.Display/]: Display entityNot a string
[08May2026 16:03:41.688] [Server thread/ERROR] [net.minecraft.world.entity.Display/]: Display entityNot a string
[08May2026 16:03:41.688] [Server thread/ERROR] [net.minecraft.world.entity.Display/]: Display entityNot a string
[08May2026 16:03:41.935] [Server thread/ERROR] [net.minecraft.world.entity.Display/]: Display entityNot a string
[08May2026 16:03:41.935] [Server thread/ERROR] [net.minecraft.world.entity.Display/]: Display entityNot a string
[08May2026 16:03:42.184] [Server thread/ERROR] [net.minecraft.world.entity.Display/]: Display entityNot a string
[08May2026 16:03:42.184] [Server thread/ERROR] [net.minecraft.world.entity.Display/]: Display entityNot a string
[08May2026 16:03:42.436] [Server thread/ERROR] [net.minecraft.world.entity.Display/]: Display entityNot a string
[08May2026 16:03:42.437] [Server thread/ERROR] [net.minecraft.world.entity.Display/]: Display entityNot a string
[08May2026 16:03:42.687] [Server thread/ERROR] [net.minecraft.world.entity.Display/]: Display entityNot a string
[08May2026 16:03:42.688] [Server thread/ERROR] [net.minecraft.world.entity.Display/]: Display entityNot a string
[08May2026 16:03:42.942] [Server thread/ERROR] [net.minecraft.world.entity.Display/]: Display entityNot a string
[08May2026 16:03:42.942] [Server thread/ERROR] [net.minecraft.world.entity.Display/]: Display entityNot a string
[08May2026 16:03:43.186] [Server thread/ERROR] [net.minecraft.world.entity.Display/]: Display entityNot a string
[08May2026 16:03:43.186] [Server thread/ERROR] [net.minecraft.world.entity.Display/]: Display entityNot a string
[08May2026 16:03:43.436] [Server thread/ERROR] [net.minecraft.world.entity.Display/]: Display entityNot a string
[08May2026 16:03:43.436] [Server thread/ERROR] [net.minecraft.world.entity.Display/]: Display entityNot a string
[08May2026 16:03:43.687] [Server thread/ERROR] [net.minecraft.world.entity.Display/]: Display entityNot a string
[08May2026 16:03:43.687] [Server thread/ERROR] [net.minecraft.world.entity.Display/]: Display entityNot a string
[08May2026 16:03:43.936] [Server thread/ERROR] [net.minecraft.world.entity.Display/]: Display entityNot a string
[08May2026 16:03:43.936] [Server thread/ERROR] [net.minecraft.world.entity.Display/]: Display entityNot a string
[08May2026 16:03:44.187] [Server thread/ERROR] [net.minecraft.world.entity.Display/]: Display entityNot a string
[08May2026 16:03:44.187] [Server thread/ERROR] [net.minecraft.world.entity.Display/]: Display entityNot a string
[08May2026 16:03:44.437] [Server thread/ERROR] [net.minecraft.world.entity.Display/]: Display entityNot a string
[08May2026 16:03:44.437] [Server thread/ERROR] [net.minecraft.world.entity.Display/]: Display entityNot a string
[08May2026 16:03:44.684] [Server thread/ERROR] [net.minecraft.world.entity.Display/]: Display entityNot a string
[08May2026 16:03:44.685] [Server thread/ERROR] [net.minecraft.world.entity.Display/]: Display entityNot a string
[08May2026 16:03:44.935] [Server thread/ERROR] [net.minecraft.world.entity.Display/]: Display entityNot a string
[08May2026 16:03:44.935] [Server thread/ERROR] [net.minecraft.world.entity.Display/]: Display entityNot a string
[08May2026 16:03:45.186] [Server thread/ERROR] [net.minecraft.world.entity.Display/]: Display entityNot a string
[08May2026 16:03:45.187] [Server thread/ERROR] [net.minecraft.world.entity.Display/]: Display entityNot a string
[08May2026 16:03:45.435] [Server thread/ERROR] [net.minecraft.world.entity.Display/]: Display entityNot a string
[08May2026 16:03:45.435] [Server thread/ERROR] [net.minecraft.world.entity.Display/]: Display entityNot a string
[08May2026 16:03:45.685] [Server thread/ERROR] [net.minecraft.world.entity.Display/]: Display entityNot a string
[08May2026 16:03:45.686] [Server thread/ERROR] [net.minecraft.world.entity.Display/]: Display entityNot a string
[08May2026 16:03:45.935] [Server thread/ERROR] [net.minecraft.world.entity.Display/]: Display entityNot a string
[08May2026 16:03:45.935] [Server thread/ERROR] [net.minecraft.world.entity.Display/]: Display entityNot a string
[08May2026 16:03:46.186] [Server thread/ERROR] [net.minecraft.world.entity.Display/]: Display entityNot a string
[08May2026 16:03:46.186] [Server thread/ERROR] [net.minecraft.world.entity.Display/]: Display entityNot a string
[08May2026 16:03:46.436] [Server thread/ERROR] [net.minecraft.world.entity.Display/]: Display entityNot a string
[08May2026 16:03:46.436] [Server thread/ERROR] [net.minecraft.world.entity.Display/]: Display entityNot a string
[08May2026 16:03:46.686] [Server thread/ERROR] [net.minecraft.world.entity.Display/]: Display entityNot a string
[08May2026 16:03:46.686] [Server thread/ERROR] [net.minecraft.world.entity.Display/]: Display entityNot a string
[08May2026 16:03:46.936] [Server thread/ERROR] [net.minecraft.world.entity.Display/]: Display entityNot a string
[08May2026 16:03:46.936] [Server thread/ERROR] [net.minecraft.world.entity.Display/]: Display entityNot a string
[08May2026 16:03:47.186] [Server thread/ERROR] [net.minecraft.world.entity.Display/]: Display entityNot a string
[08May2026 16:03:47.186] [Server thread/ERROR] [net.minecraft.world.entity.Display/]: Display entityNot a string
[08May2026 16:03:47.436] [Server thread/ERROR] [net.minecraft.world.entity.Display/]: Display entityNot a string
[08May2026 16:03:47.436] [Server thread/ERROR] [net.minecraft.world.entity.Display/]: Display entityNot a string
[08May2026 16:03:47.491] [Server thread/INFO] [net.minecraft.world.entity.LivingEntity/]: Named entity PvZZombieEntity['Basic Zombie'/2106, l='ServerLevel[New World]', x=-22.23, y=70.00, z=44.77] died: Basic Zombie was slain by Peashooter
[08May2026 16:03:47.688] [Server thread/ERROR] [net.minecraft.world.entity.Display/]: Display entityNot a string
[08May2026 16:03:47.688] [Server thread/ERROR] [net.minecraft.world.entity.Display/]: Display entityNot a string
[08May2026 16:03:47.938] [Server thread/ERROR] [net.minecraft.world.entity.Display/]: Display entityNot a string
[08May2026 16:03:47.939] [Server thread/ERROR] [net.minecraft.world.entity.Display/]: Display entityNot a string
[08May2026 16:03:48.186] [Server thread/ERROR] [net.minecraft.world.entity.Display/]: Display entityNot a string
[08May2026 16:03:48.186] [Server thread/ERROR] [net.minecraft.world.entity.Display/]: Display entityNot a string
[08May2026 16:03:48.436] [Server thread/ERROR] [net.minecraft.world.entity.Display/]: Display entityNot a string
[08May2026 16:03:48.436] [Server thread/ERROR] [net.minecraft.world.entity.Display/]: Display entityNot a string
[08May2026 16:03:48.684] [Server thread/ERROR] [net.minecraft.world.entity.Display/]: Display entityNot a string
[08May2026 16:03:48.684] [Server thread/ERROR] [net.minecraft.world.entity.Display/]: Display entityNot a string
[08May2026 16:03:48.935] [Server thread/ERROR] [net.minecraft.world.entity.Display/]: Display entityNot a string
[08May2026 16:03:48.936] [Server thread/ERROR] [net.minecraft.world.entity.Display/]: Display entityNot a string
[08May2026 16:03:49.185] [Server thread/ERROR] [net.minecraft.world.entity.Display/]: Display entityNot a string
[08May2026 16:03:49.185] [Server thread/ERROR] [net.minecraft.world.entity.Display/]: Display entityNot a string
[08May2026 16:03:49.434] [Server thread/ERROR] [net.minecraft.world.entity.Display/]: Display entityNot a string
[08May2026 16:03:49.435] [Server thread/ERROR] [net.minecraft.world.entity.Display/]: Display entityNot a string
[08May2026 16:03:49.690] [Server thread/ERROR] [net.minecraft.world.entity.Display/]: Display entityNot a string
[08May2026 16:03:49.690] [Server thread/ERROR] [net.minecraft.world.entity.Display/]: Display entityNot a string
[08May2026 16:03:49.936] [Server thread/ERROR] [net.minecraft.world.entity.Display/]: Display entityNot a string
[08May2026 16:03:49.936] [Server thread/ERROR] [net.minecraft.world.entity.Display/]: Display entityNot a string
[08May2026 16:03:50.185] [Server thread/ERROR] [net.minecraft.world.entity.Display/]: Display entityNot a string
[08May2026 16:03:50.185] [Server thread/ERROR] [net.minecraft.world.entity.Display/]: Display entityNot a string
[08May2026 16:03:50.437] [Server thread/ERROR] [net.minecraft.world.entity.Display/]: Display entityNot a string
[08May2026 16:03:50.437] [Server thread/ERROR] [net.minecraft.world.entity.Display/]: Display entityNot a string
[08May2026 16:03:50.684] [Server thread/ERROR] [net.minecraft.world.entity.Display/]: Display entityNot a string
[08May2026 16:03:50.684] [Server thread/ERROR] [net.minecraft.world.entity.Display/]: Display entityNot a string
[08May2026 16:03:50.934] [Server thread/ERROR] [net.minecraft.world.entity.Display/]: Display entityNot a string
[08May2026 16:03:50.935] [Server thread/ERROR] [net.minecraft.world.entity.Display/]: Display entityNot a string
[08May2026 16:03:51.185] [Server thread/ERROR] [net.minecraft.world.entity.Display/]: Display entityNot a string
[08May2026 16:03:51.185] [Server thread/ERROR] [net.minecraft.world.entity.Display/]: Display entityNot a string
[08May2026 16:03:51.436] [Server thread/ERROR] [net.minecraft.world.entity.Display/]: Display entityNot a string
[08May2026 16:03:51.436] [Server thread/ERROR] [net.minecraft.world.entity.Display/]: Display entityNot a string
[08May2026 16:03:51.688] [Server thread/ERROR] [net.minecraft.world.entity.Display/]: Display entityNot a string
[08May2026 16:03:51.688] [Server thread/ERROR] [net.minecraft.world.entity.Display/]: Display entityNot a string
[08May2026 16:03:51.936] [Server thread/ERROR] [net.minecraft.world.entity.Display/]: Display entityNot a string
[08May2026 16:03:51.936] [Server thread/ERROR] [net.minecraft.world.entity.Display/]: Display entityNot a string
[08May2026 16:03:52.186] [Server thread/ERROR] [net.minecraft.world.entity.Display/]: Display entityNot a string
[08May2026 16:03:52.186] [Server thread/ERROR] [net.minecraft.world.entity.Display/]: Display entityNot a string
[08May2026 16:03:52.436] [Server thread/ERROR] [net.minecraft.world.entity.Display/]: Display entityNot a string
[08May2026 16:03:52.436] [Server thread/ERROR] [net.minecraft.world.entity.Display/]: Display entityNot a string
[08May2026 16:03:52.686] [Server thread/ERROR] [net.minecraft.world.entity.Display/]: Display entityNot a string
[08May2026 16:03:52.686] [Server thread/ERROR] [net.minecraft.world.entity.Display/]: Display entityNot a string
[08May2026 16:03:52.935] [Server thread/ERROR] [net.minecraft.world.entity.Display/]: Display entityNot a string
[08May2026 16:03:52.935] [Server thread/ERROR] [net.minecraft.world.entity.Display/]: Display entityNot a string
[08May2026 16:03:53.184] [Server thread/ERROR] [net.minecraft.world.entity.Display/]: Display entityNot a string
[08May2026 16:03:53.184] [Server thread/ERROR] [net.minecraft.world.entity.Display/]: Display entityNot a string
[08May2026 16:03:53.436] [Server thread/ERROR] [net.minecraft.world.entity.Display/]: Display entityNot a string
[08May2026 16:03:53.436] [Server thread/ERROR] [net.minecraft.world.entity.Display/]: Display entityNot a string
[08May2026 16:03:53.686] [Server thread/ERROR] [net.minecraft.world.entity.Display/]: Display entityNot a string
[08May2026 16:03:53.687] [Server thread/ERROR] [net.minecraft.world.entity.Display/]: Display entityNot a string
[08May2026 16:03:53.935] [Server thread/ERROR] [net.minecraft.world.entity.Display/]: Display entityNot a string
[08May2026 16:03:53.935] [Server thread/ERROR] [net.minecraft.world.entity.Display/]: Display entityNot a string
[08May2026 16:03:54.187] [Server thread/ERROR] [net.minecraft.world.entity.Display/]: Display entityNot a string
[08May2026 16:03:54.187] [Server thread/ERROR] [net.minecraft.world.entity.Display/]: Display entityNot a string
[08May2026 16:03:54.436] [Server thread/ERROR] [net.minecraft.world.entity.Display/]: Display entityNot a string
[08May2026 16:03:54.436] [Server thread/ERROR] [net.minecraft.world.entity.Display/]: Display entityNot a string
[08May2026 16:03:54.687] [Server thread/ERROR] [net.minecraft.world.entity.Display/]: Display entityNot a string
[08May2026 16:03:54.688] [Server thread/ERROR] [net.minecraft.world.entity.Display/]: Display entityNot a string
[08May2026 16:03:54.937] [Server thread/ERROR] [net.minecraft.world.entity.Display/]: Display entityNot a string
[08May2026 16:03:54.937] [Server thread/ERROR] [net.minecraft.world.entity.Display/]: Display entityNot a string
[08May2026 16:03:55.186] [Server thread/ERROR] [net.minecraft.world.entity.Display/]: Display entityNot a string
[08May2026 16:03:55.187] [Server thread/ERROR] [net.minecraft.world.entity.Display/]: Display entityNot a string
[08May2026 16:03:55.434] [Server thread/ERROR] [net.minecraft.world.entity.Display/]: Display entityNot a string
[08May2026 16:03:55.434] [Server thread/ERROR] [net.minecraft.world.entity.Display/]: Display entityNot a string
[08May2026 16:03:55.686] [Server thread/ERROR] [net.minecraft.world.entity.Display/]: Display entityNot a string
[08May2026 16:03:55.686] [Server thread/ERROR] [net.minecraft.world.entity.Display/]: Display entityNot a string
[08May2026 16:03:55.936] [Server thread/ERROR] [net.minecraft.world.entity.Display/]: Display entityNot a string
[08May2026 16:03:55.936] [Server thread/ERROR] [net.minecraft.world.entity.Display/]: Display entityNot a string
[08May2026 16:03:56.184] [Server thread/ERROR] [net.minecraft.world.entity.Display/]: Display entityNot a string
[08May2026 16:03:56.185] [Server thread/ERROR] [net.minecraft.world.entity.Display/]: Display entityNot a string
[08May2026 16:03:56.435] [Server thread/ERROR] [net.minecraft.world.entity.Display/]: Display entityNot a string
[08May2026 16:03:56.436] [Server thread/ERROR] [net.minecraft.world.entity.Display/]: Display entityNot a string
[08May2026 16:03:56.685] [Server thread/ERROR] [net.minecraft.world.entity.Display/]: Display entityNot a string
[08May2026 16:03:56.685] [Server thread/ERROR] [net.minecraft.world.entity.Display/]: Display entityNot a string
[08May2026 16:03:56.953] [Server thread/ERROR] [net.minecraft.world.entity.Display/]: Display entityNot a string
[08May2026 16:03:56.953] [Server thread/ERROR] [net.minecraft.world.entity.Display/]: Display entityNot a string
[08May2026 16:03:57.185] [Server thread/ERROR] [net.minecraft.world.entity.Display/]: Display entityNot a string
[08May2026 16:03:57.185] [Server thread/ERROR] [net.minecraft.world.entity.Display/]: Display entityNot a string
[08May2026 16:03:57.445] [Server thread/ERROR] [net.minecraft.world.entity.Display/]: Display entityNot a string
[08May2026 16:03:57.445] [Server thread/ERROR] [net.minecraft.world.entity.Display/]: Display entityNot a string
[08May2026 16:03:57.689] [Server thread/ERROR] [net.minecraft.world.entity.Display/]: Display entityNot a string
[08May2026 16:03:57.690] [Server thread/ERROR] [net.minecraft.world.entity.Display/]: Display entityNot a string
[08May2026 16:03:57.937] [Server thread/ERROR] [net.minecraft.world.entity.Display/]: Display entityNot a string
[08May2026 16:03:57.937] [Server thread/ERROR] [net.minecraft.world.entity.Display/]: Display entityNot a string
[08May2026 16:03:58.187] [Server thread/ERROR] [net.minecraft.world.entity.Display/]: Display entityNot a string
[08May2026 16:03:58.187] [Server thread/ERROR] [net.minecraft.world.entity.Display/]: Display entityNot a string
[08May2026 16:03:58.438] [Server thread/ERROR] [net.minecraft.world.entity.Display/]: Display entityNot a string
[08May2026 16:03:58.438] [Server thread/ERROR] [net.minecraft.world.entity.Display/]: Display entityNot a string
[08May2026 16:03:58.687] [Server thread/ERROR] [net.minecraft.world.entity.Display/]: Display entityNot a string
[08May2026 16:03:58.688] [Server thread/ERROR] [net.minecraft.world.entity.Display/]: Display entityNot a string
[08May2026 16:03:58.938] [Server thread/ERROR] [net.minecraft.world.entity.Display/]: Display entityNot a string
[08May2026 16:03:58.938] [Server thread/ERROR] [net.minecraft.world.entity.Display/]: Display entityNot a string
[08May2026 16:03:59.184] [Server thread/ERROR] [net.minecraft.world.entity.Display/]: Display entityNot a string
[08May2026 16:03:59.184] [Server thread/ERROR] [net.minecraft.world.entity.Display/]: Display entityNot a string
[08May2026 16:03:59.434] [Server thread/ERROR] [net.minecraft.world.entity.Display/]: Display entityNot a string
[08May2026 16:03:59.434] [Server thread/ERROR] [net.minecraft.world.entity.Display/]: Display entityNot a string
[08May2026 16:03:59.687] [Server thread/ERROR] [net.minecraft.world.entity.Display/]: Display entityNot a string
[08May2026 16:03:59.687] [Server thread/ERROR] [net.minecraft.world.entity.Display/]: Display entityNot a string
[08May2026 16:03:59.934] [Server thread/ERROR] [net.minecraft.world.entity.Display/]: Display entityNot a string
[08May2026 16:03:59.934] [Server thread/ERROR] [net.minecraft.world.entity.Display/]: Display entityNot a string
[08May2026 16:04:00.184] [Server thread/ERROR] [net.minecraft.world.entity.Display/]: Display entityNot a string
[08May2026 16:04:00.184] [Server thread/ERROR] [net.minecraft.world.entity.Display/]: Display entityNot a string
[08May2026 16:04:00.440] [Server thread/ERROR] [net.minecraft.world.entity.Display/]: Display entityNot a string
[08May2026 16:04:00.440] [Server thread/ERROR] [net.minecraft.world.entity.Display/]: Display entityNot a string
[08May2026 16:04:00.691] [Server thread/ERROR] [net.minecraft.world.entity.Display/]: Display entityNot a string
[08May2026 16:04:00.691] [Server thread/ERROR] [net.minecraft.world.entity.Display/]: Display entityNot a string
[08May2026 16:04:00.941] [Server thread/ERROR] [net.minecraft.world.entity.Display/]: Display entityNot a string
[08May2026 16:04:00.942] [Server thread/ERROR] [net.minecraft.world.entity.Display/]: Display entityNot a string
[08May2026 16:04:01.191] [Server thread/ERROR] [net.minecraft.world.entity.Display/]: Display entityNot a string
[08May2026 16:04:01.191] [Server thread/ERROR] [net.minecraft.world.entity.Display/]: Display entityNot a string
[08May2026 16:04:01.437] [Server thread/ERROR] [net.minecraft.world.entity.Display/]: Display entityNot a string
[08May2026 16:04:01.437] [Server thread/ERROR] [net.minecraft.world.entity.Display/]: Display entityNot a string
[08May2026 16:04:01.685] [Server thread/ERROR] [net.minecraft.world.entity.Display/]: Display entityNot a string
[08May2026 16:04:01.685] [Server thread/ERROR] [net.minecraft.world.entity.Display/]: Display entityNot a string
[08May2026 16:04:01.935] [Server thread/ERROR] [net.minecraft.world.entity.Display/]: Display entityNot a string
[08May2026 16:04:01.935] [Server thread/ERROR] [net.minecraft.world.entity.Display/]: Display entityNot a string
[08May2026 16:04:02.185] [Server thread/ERROR] [net.minecraft.world.entity.Display/]: Display entityNot a string
[08May2026 16:04:02.185] [Server thread/ERROR] [net.minecraft.world.entity.Display/]: Display entityNot a string
[08May2026 16:04:02.435] [Server thread/ERROR] [net.minecraft.world.entity.Display/]: Display entityNot a string
[08May2026 16:04:02.435] [Server thread/ERROR] [net.minecraft.world.entity.Display/]: Display entityNot a string
[08May2026 16:04:02.684] [Server thread/ERROR] [net.minecraft.world.entity.Display/]: Display entityNot a string
[08May2026 16:04:02.685] [Server thread/ERROR] [net.minecraft.world.entity.Display/]: Display entityNot a string
[08May2026 16:04:02.934] [Server thread/ERROR] [net.minecraft.world.entity.Display/]: Display entityNot a string
[08May2026 16:04:02.934] [Server thread/ERROR] [net.minecraft.world.entity.Display/]: Display entityNot a string
[08May2026 16:04:03.187] [Server thread/ERROR] [net.minecraft.world.entity.Display/]: Display entityNot a string
[08May2026 16:04:03.187] [Server thread/ERROR] [net.minecraft.world.entity.Display/]: Display entityNot a string
[08May2026 16:04:03.434] [Server thread/ERROR] [net.minecraft.world.entity.Display/]: Display entityNot a string
[08May2026 16:04:03.434] [Server thread/ERROR] [net.minecraft.world.entity.Display/]: Display entityNot a string
[08May2026 16:04:03.684] [Server thread/ERROR] [net.minecraft.world.entity.Display/]: Display entityNot a string
[08May2026 16:04:03.684] [Server thread/ERROR] [net.minecraft.world.entity.Display/]: Display entityNot a string
[08May2026 16:04:03.935] [Server thread/ERROR] [net.minecraft.world.entity.Display/]: Display entityNot a string
[08May2026 16:04:03.935] [Server thread/ERROR] [net.minecraft.world.entity.Display/]: Display entityNot a string
[08May2026 16:04:04.185] [Server thread/ERROR] [net.minecraft.world.entity.Display/]: Display entityNot a string
[08May2026 16:04:04.186] [Server thread/ERROR] [net.minecraft.world.entity.Display/]: Display entityNot a string
[08May2026 16:04:04.434] [Server thread/ERROR] [net.minecraft.world.entity.Display/]: Display entityNot a string
[08May2026 16:04:04.434] [Server thread/ERROR] [net.minecraft.world.entity.Display/]: Display entityNot a string
[08May2026 16:04:04.684] [Server thread/ERROR] [net.minecraft.world.entity.Display/]: Display entityNot a string
[08May2026 16:04:04.685] [Server thread/ERROR] [net.minecraft.world.entity.Display/]: Display entityNot a string
[08May2026 16:04:04.935] [Server thread/ERROR] [net.minecraft.world.entity.Display/]: Display entityNot a string
[08May2026 16:04:04.936] [Server thread/ERROR] [net.minecraft.world.entity.Display/]: Display entityNot a string
[08May2026 16:04:05.187] [Server thread/ERROR] [net.minecraft.world.entity.Display/]: Display entityNot a string
[08May2026 16:04:05.187] [Server thread/ERROR] [net.minecraft.world.entity.Display/]: Display entityNot a string
[08May2026 16:04:05.437] [Server thread/ERROR] [net.minecraft.world.entity.Display/]: Display entityNot a string
[08May2026 16:04:05.437] [Server thread/ERROR] [net.minecraft.world.entity.Display/]: Display entityNot a string
[08May2026 16:04:05.685] [Server thread/ERROR] [net.minecraft.world.entity.Display/]: Display entityNot a string
[08May2026 16:04:05.685] [Server thread/ERROR] [net.minecraft.world.entity.Display/]: Display entityNot a string
[08May2026 16:04:05.935] [Server thread/ERROR] [net.minecraft.world.entity.Display/]: Display entityNot a string
[08May2026 16:04:05.935] [Server thread/ERROR] [net.minecraft.world.entity.Display/]: Display entityNot a string
[08May2026 16:04:06.186] [Server thread/ERROR] [net.minecraft.world.entity.Display/]: Display entityNot a string
[08May2026 16:04:06.186] [Server thread/ERROR] [net.minecraft.world.entity.Display/]: Display entityNot a string
[08May2026 16:04:06.435] [Server thread/ERROR] [net.minecraft.world.entity.Display/]: Display entityNot a string
[08May2026 16:04:06.436] [Server thread/ERROR] [net.minecraft.world.entity.Display/]: Display entityNot a string
[08May2026 16:04:06.687] [Server thread/ERROR] [net.minecraft.world.entity.Display/]: Display entityNot a string
[08May2026 16:04:06.688] [Server thread/ERROR] [net.minecraft.world.entity.Display/]: Display entityNot a string
[08May2026 16:04:06.936] [Server thread/ERROR] [net.minecraft.world.entity.Display/]: Display entityNot a string
[08May2026 16:04:06.936] [Server thread/ERROR] [net.minecraft.world.entity.Display/]: Display entityNot a string
[08May2026 16:04:07.186] [Server thread/ERROR] [net.minecraft.world.entity.Display/]: Display entityNot a string
[08May2026 16:04:07.186] [Server thread/ERROR] [net.minecraft.world.entity.Display/]: Display entityNot a string
[08May2026 16:04:07.438] [Server thread/ERROR] [net.minecraft.world.entity.Display/]: Display entityNot a string
[08May2026 16:04:07.438] [Server thread/ERROR] [net.minecraft.world.entity.Display/]: Display entityNot a string
[08May2026 16:04:07.686] [Server thread/ERROR] [net.minecraft.world.entity.Display/]: Display entityNot a string
[08May2026 16:04:07.686] [Server thread/ERROR] [net.minecraft.world.entity.Display/]: Display entityNot a string
[08May2026 16:04:07.937] [Server thread/ERROR] [net.minecraft.world.entity.Display/]: Display entityNot a string
[08May2026 16:04:07.937] [Server thread/ERROR] [net.minecraft.world.entity.Display/]: Display entityNot a string
[08May2026 16:04:08.184] [Server thread/ERROR] [net.minecraft.world.entity.Display/]: Display entityNot a string
[08May2026 16:04:08.184] [Server thread/ERROR] [net.minecraft.world.entity.Display/]: Display entityNot a string
[08May2026 16:04:08.439] [Server thread/ERROR] [net.minecraft.world.entity.Display/]: Display entityNot a string
[08May2026 16:04:08.439] [Server thread/ERROR] [net.minecraft.world.entity.Display/]: Display entityNot a string
[08May2026 16:04:08.637] [Server thread/INFO] [net.minecraft.world.entity.LivingEntity/]: Named entity PvZZombieEntity['Basic Zombie'/2271, l='ServerLevel[New World]', x=-22.14, y=70.00, z=45.57] died: Basic Zombie was slain by Peashooter
[08May2026 16:04:08.685] [Server thread/ERROR] [net.minecraft.world.entity.Display/]: Display entityNot a string
[08May2026 16:04:08.685] [Server thread/ERROR] [net.minecraft.world.entity.Display/]: Display entityNot a string
[08May2026 16:04:08.936] [Server thread/ERROR] [net.minecraft.world.entity.Display/]: Display entityNot a string
[08May2026 16:04:08.936] [Server thread/ERROR] [net.minecraft.world.entity.Display/]: Display entityNot a string
[08May2026 16:04:09.186] [Server thread/ERROR] [net.minecraft.world.entity.Display/]: Display entityNot a string
[08May2026 16:04:09.186] [Server thread/ERROR] [net.minecraft.world.entity.Display/]: Display entityNot a string
[08May2026 16:04:09.435] [Server thread/ERROR] [net.minecraft.world.entity.Display/]: Display entityNot a string
[08May2026 16:04:09.436] [Server thread/ERROR] [net.minecraft.world.entity.Display/]: Display entityNot a string
[08May2026 16:04:09.685] [Server thread/ERROR] [net.minecraft.world.entity.Display/]: Display entityNot a string
[08May2026 16:04:09.685] [Server thread/ERROR] [net.minecraft.world.entity.Display/]: Display entityNot a string
[08May2026 16:04:09.935] [Server thread/ERROR] [net.minecraft.world.entity.Display/]: Display entityNot a string
[08May2026 16:04:09.935] [Server thread/ERROR] [net.minecraft.world.entity.Display/]: Display entityNot a string
[08May2026 16:04:10.186] [Server thread/ERROR] [net.minecraft.world.entity.Display/]: Display entityNot a string
[08May2026 16:04:10.186] [Server thread/ERROR] [net.minecraft.world.entity.Display/]: Display entityNot a string
[08May2026 16:04:10.434] [Server thread/ERROR] [net.minecraft.world.entity.Display/]: Display entityNot a string
[08May2026 16:04:10.435] [Server thread/ERROR] [net.minecraft.world.entity.Display/]: Display entityNot a string
[08May2026 16:04:10.685] [Server thread/ERROR] [net.minecraft.world.entity.Display/]: Display entityNot a string
[08May2026 16:04:10.685] [Server thread/ERROR] [net.minecraft.world.entity.Display/]: Display entityNot a string
[08May2026 16:04:10.935] [Server thread/ERROR] [net.minecraft.world.entity.Display/]: Display entityNot a string
[08May2026 16:04:10.935] [Server thread/ERROR] [net.minecraft.world.entity.Display/]: Display entityNot a string
[08May2026 16:04:11.184] [Server thread/ERROR] [net.minecraft.world.entity.Display/]: Display entityNot a string
[08May2026 16:04:11.184] [Server thread/ERROR] [net.minecraft.world.entity.Display/]: Display entityNot a string
[08May2026 16:04:11.438] [Server thread/ERROR] [net.minecraft.world.entity.Display/]: Display entityNot a string
[08May2026 16:04:11.438] [Server thread/ERROR] [net.minecraft.world.entity.Display/]: Display entityNot a string
[08May2026 16:04:11.685] [Server thread/ERROR] [net.minecraft.world.entity.Display/]: Display entityNot a string
[08May2026 16:04:11.686] [Server thread/ERROR] [net.minecraft.world.entity.Display/]: Display entityNot a string
[08May2026 16:04:11.938] [Server thread/ERROR] [net.minecraft.world.entity.Display/]: Display entityNot a string
[08May2026 16:04:11.938] [Server thread/ERROR] [net.minecraft.world.entity.Display/]: Display entityNot a string
[08May2026 16:04:12.185] [Server thread/ERROR] [net.minecraft.world.entity.Display/]: Display entityNot a string
[08May2026 16:04:12.185] [Server thread/ERROR] [net.minecraft.world.entity.Display/]: Display entityNot a string
[08May2026 16:04:12.437] [Server thread/ERROR] [net.minecraft.world.entity.Display/]: Display entityNot a string
[08May2026 16:04:12.437] [Server thread/ERROR] [net.minecraft.world.entity.Display/]: Display entityNot a string
[08May2026 16:04:12.690] [Server thread/ERROR] [net.minecraft.world.entity.Display/]: Display entityNot a string
[08May2026 16:04:12.691] [Server thread/ERROR] [net.minecraft.world.entity.Display/]: Display entityNot a string
[08May2026 16:04:12.934] [Server thread/ERROR] [net.minecraft.world.entity.Display/]: Display entityNot a string
[08May2026 16:04:12.935] [Server thread/ERROR] [net.minecraft.world.entity.Display/]: Display entityNot a string
[08May2026 16:04:13.186] [Server thread/ERROR] [net.minecraft.world.entity.Display/]: Display entityNot a string
[08May2026 16:04:13.186] [Server thread/ERROR] [net.minecraft.world.entity.Display/]: Display entityNot a string
[08May2026 16:04:13.435] [Server thread/ERROR] [net.minecraft.world.entity.Display/]: Display entityNot a string
[08May2026 16:04:13.435] [Server thread/ERROR] [net.minecraft.world.entity.Display/]: Display entityNot a string
[08May2026 16:04:13.685] [Server thread/ERROR] [net.minecraft.world.entity.Display/]: Display entityNot a string
[08May2026 16:04:13.685] [Server thread/ERROR] [net.minecraft.world.entity.Display/]: Display entityNot a string
[08May2026 16:04:13.934] [Server thread/ERROR] [net.minecraft.world.entity.Display/]: Display entityNot a string
[08May2026 16:04:13.934] [Server thread/ERROR] [net.minecraft.world.entity.Display/]: Display entityNot a string
[08May2026 16:04:14.184] [Server thread/ERROR] [net.minecraft.world.entity.Display/]: Display entityNot a string
[08May2026 16:04:14.184] [Server thread/ERROR] [net.minecraft.world.entity.Display/]: Display entityNot a string
[08May2026 16:04:14.434] [Server thread/ERROR] [net.minecraft.world.entity.Display/]: Display entityNot a string
[08May2026 16:04:14.434] [Server thread/ERROR] [net.minecraft.world.entity.Display/]: Display entityNot a string
[08May2026 16:04:14.686] [Server thread/ERROR] [net.minecraft.world.entity.Display/]: Display entityNot a string
[08May2026 16:04:14.686] [Server thread/ERROR] [net.minecraft.world.entity.Display/]: Display entityNot a string
[08May2026 16:04:14.935] [Server thread/ERROR] [net.minecraft.world.entity.Display/]: Display entityNot a string
[08May2026 16:04:14.935] [Server thread/ERROR] [net.minecraft.world.entity.Display/]: Display entityNot a string
[08May2026 16:04:15.187] [Server thread/ERROR] [net.minecraft.world.entity.Display/]: Display entityNot a string
[08May2026 16:04:15.187] [Server thread/ERROR] [net.minecraft.world.entity.Display/]: Display entityNot a string
[08May2026 16:04:15.435] [Server thread/ERROR] [net.minecraft.world.entity.Display/]: Display entityNot a string
[08May2026 16:04:15.435] [Server thread/ERROR] [net.minecraft.world.entity.Display/]: Display entityNot a string
[08May2026 16:04:15.688] [Server thread/ERROR] [net.minecraft.world.entity.Display/]: Display entityNot a string
[08May2026 16:04:15.688] [Server thread/ERROR] [net.minecraft.world.entity.Display/]: Display entityNot a string
[08May2026 16:04:15.935] [Server thread/ERROR] [net.minecraft.world.entity.Display/]: Display entityNot a string
[08May2026 16:04:15.935] [Server thread/ERROR] [net.minecraft.world.entity.Display/]: Display entityNot a string
[08May2026 16:04:16.186] [Server thread/ERROR] [net.minecraft.world.entity.Display/]: Display entityNot a string
[08May2026 16:04:16.186] [Server thread/ERROR] [net.minecraft.world.entity.Display/]: Display entityNot a string
[08May2026 16:04:16.437] [Server thread/ERROR] [net.minecraft.world.entity.Display/]: Display entityNot a string
[08May2026 16:04:16.437] [Server thread/ERROR] [net.minecraft.world.entity.Display/]: Display entityNot a string
[08May2026 16:04:16.684] [Server thread/ERROR] [net.minecraft.world.entity.Display/]: Display entityNot a string
[08May2026 16:04:16.684] [Server thread/ERROR] [net.minecraft.world.entity.Display/]: Display entityNot a string
[08May2026 16:04:16.937] [Server thread/ERROR] [net.minecraft.world.entity.Display/]: Display entityNot a string
[08May2026 16:04:16.937] [Server thread/ERROR] [net.minecraft.world.entity.Display/]: Display entityNot a string
[08May2026 16:04:17.185] [Server thread/ERROR] [net.minecraft.world.entity.Display/]: Display entityNot a string
[08May2026 16:04:17.185] [Server thread/ERROR] [net.minecraft.world.entity.Display/]: Display entityNot a string
[08May2026 16:04:17.436] [Server thread/ERROR] [net.minecraft.world.entity.Display/]: Display entityNot a string
[08May2026 16:04:17.436] [Server thread/ERROR] [net.minecraft.world.entity.Display/]: Display entityNot a string
[08May2026 16:04:17.689] [Server thread/ERROR] [net.minecraft.world.entity.Display/]: Display entityNot a string
[08May2026 16:04:17.690] [Server thread/ERROR] [net.minecraft.world.entity.Display/]: Display entityNot a string
[08May2026 16:04:17.935] [Server thread/ERROR] [net.minecraft.world.entity.Display/]: Display entityNot a string
[08May2026 16:04:17.936] [Server thread/ERROR] [net.minecraft.world.entity.Display/]: Display entityNot a string
[08May2026 16:04:18.185] [Server thread/ERROR] [net.minecraft.world.entity.Display/]: Display entityNot a string
[08May2026 16:04:18.185] [Server thread/ERROR] [net.minecraft.world.entity.Display/]: Display entityNot a string
[08May2026 16:04:18.436] [Server thread/ERROR] [net.minecraft.world.entity.Display/]: Display entityNot a string
[08May2026 16:04:18.437] [Server thread/ERROR] [net.minecraft.world.entity.Display/]: Display entityNot a string
[08May2026 16:04:18.687] [Server thread/ERROR] [net.minecraft.world.entity.Display/]: Display entityNot a string
[08May2026 16:04:18.687] [Server thread/ERROR] [net.minecraft.world.entity.Display/]: Display entityNot a string
[08May2026 16:04:18.935] [Server thread/ERROR] [net.minecraft.world.entity.Display/]: Display entityNot a string
[08May2026 16:04:18.935] [Server thread/ERROR] [net.minecraft.world.entity.Display/]: Display entityNot a string
[08May2026 16:04:19.185] [Server thread/ERROR] [net.minecraft.world.entity.Display/]: Display entityNot a string
[08May2026 16:04:19.185] [Server thread/ERROR] [net.minecraft.world.entity.Display/]: Display entityNot a string
[08May2026 16:04:19.435] [Server thread/ERROR] [net.minecraft.world.entity.Display/]: Display entityNot a string
[08May2026 16:04:19.435] [Server thread/ERROR] [net.minecraft.world.entity.Display/]: Display entityNot a string
[08May2026 16:04:19.687] [Server thread/ERROR] [net.minecraft.world.entity.Display/]: Display entityNot a string
[08May2026 16:04:19.687] [Server thread/ERROR] [net.minecraft.world.entity.Display/]: Display entityNot a string
[08May2026 16:04:19.935] [Server thread/ERROR] [net.minecraft.world.entity.Display/]: Display entityNot a string
[08May2026 16:04:19.935] [Server thread/ERROR] [net.minecraft.world.entity.Display/]: Display entityNot a string
[08May2026 16:04:20.186] [Server thread/ERROR] [net.minecraft.world.entity.Display/]: Display entityNot a string
[08May2026 16:04:20.186] [Server thread/ERROR] [net.minecraft.world.entity.Display/]: Display entityNot a string
[08May2026 16:04:20.436] [Server thread/ERROR] [net.minecraft.world.entity.Display/]: Display entityNot a string
[08May2026 16:04:20.436] [Server thread/ERROR] [net.minecraft.world.entity.Display/]: Display entityNot a string
[08May2026 16:04:20.689] [Server thread/ERROR] [net.minecraft.world.entity.Display/]: Display entityNot a string
[08May2026 16:04:20.689] [Server thread/ERROR] [net.minecraft.world.entity.Display/]: Display entityNot a string
[08May2026 16:04:20.935] [Server thread/ERROR] [net.minecraft.world.entity.Display/]: Display entityNot a string
[08May2026 16:04:20.935] [Server thread/ERROR] [net.minecraft.world.entity.Display/]: Display entityNot a string
[08May2026 16:04:21.187] [Server thread/ERROR] [net.minecraft.world.entity.Display/]: Display entityNot a string
[08May2026 16:04:21.187] [Server thread/ERROR] [net.minecraft.world.entity.Display/]: Display entityNot a string
[08May2026 16:04:21.437] [Server thread/ERROR] [net.minecraft.world.entity.Display/]: Display entityNot a string
[08May2026 16:04:21.437] [Server thread/ERROR] [net.minecraft.world.entity.Display/]: Display entityNot a string
[08May2026 16:04:21.684] [Server thread/ERROR] [net.minecraft.world.entity.Display/]: Display entityNot a string
[08May2026 16:04:21.685] [Server thread/ERROR] [net.minecraft.world.entity.Display/]: Display entityNot a string
[08May2026 16:04:21.934] [Server thread/ERROR] [net.minecraft.world.entity.Display/]: Display entityNot a string
[08May2026 16:04:21.934] [Server thread/ERROR] [net.minecraft.world.entity.Display/]: Display entityNot a string
[08May2026 16:04:22.185] [Server thread/ERROR] [net.minecraft.world.entity.Display/]: Display entityNot a string
[08May2026 16:04:22.185] [Server thread/ERROR] [net.minecraft.world.entity.Display/]: Display entityNot a string
[08May2026 16:04:22.436] [Server thread/ERROR] [net.minecraft.world.entity.Display/]: Display entityNot a string
[08May2026 16:04:22.436] [Server thread/ERROR] [net.minecraft.world.entity.Display/]: Display entityNot a string
[08May2026 16:04:22.687] [Server thread/ERROR] [net.minecraft.world.entity.Display/]: Display entityNot a string
[08May2026 16:04:22.687] [Server thread/ERROR] [net.minecraft.world.entity.Display/]: Display entityNot a string
[08May2026 16:04:22.935] [Server thread/ERROR] [net.minecraft.world.entity.Display/]: Display entityNot a string
[08May2026 16:04:22.935] [Server thread/ERROR] [net.minecraft.world.entity.Display/]: Display entityNot a string
[08May2026 16:04:23.142] [Server thread/INFO] [net.minecraft.world.entity.LivingEntity/]: Named entity PvZZombieEntity['Basic Zombie'/2461, l='ServerLevel[New World]', x=-27.29, y=70.00, z=36.71] died: Basic Zombie was slain by Peashooter
[08May2026 16:04:23.187] [Server thread/ERROR] [net.minecraft.world.entity.Display/]: Display entityNot a string
[08May2026 16:04:23.187] [Server thread/ERROR] [net.minecraft.world.entity.Display/]: Display entityNot a string
[08May2026 16:04:23.192] [Render thread/INFO] [net.minecraft.client.gui.components.ChatComponent/]: [System] [CHAT] Reward unlocked: Garden Totem Activated
[08May2026 16:04:23.436] [Server thread/ERROR] [net.minecraft.world.entity.Display/]: Display entityNot a string
[08May2026 16:04:23.436] [Server thread/ERROR] [net.minecraft.world.entity.Display/]: Display entityNot a string
[08May2026 16:04:23.686] [Server thread/ERROR] [net.minecraft.world.entity.Display/]: Display entityNot a string
[08May2026 16:04:23.687] [Server thread/ERROR] [net.minecraft.world.entity.Display/]: Display entityNot a string
[08May2026 16:04:23.935] [Server thread/ERROR] [net.minecraft.world.entity.Display/]: Display entityNot a string
[08May2026 16:04:23.936] [Server thread/ERROR] [net.minecraft.world.entity.Display/]: Display entityNot a string
[08May2026 16:04:24.185] [Server thread/ERROR] [net.minecraft.world.entity.Display/]: Display entityNot a string
[08May2026 16:04:24.185] [Server thread/ERROR] [net.minecraft.world.entity.Display/]: Display entityNot a string
[08May2026 16:04:24.434] [Server thread/ERROR] [net.minecraft.world.entity.Display/]: Display entityNot a string
[08May2026 16:04:24.434] [Server thread/ERROR] [net.minecraft.world.entity.Display/]: Display entityNot a string
[08May2026 16:04:24.685] [Server thread/ERROR] [net.minecraft.world.entity.Display/]: Display entityNot a string
[08May2026 16:04:24.685] [Server thread/ERROR] [net.minecraft.world.entity.Display/]: Display entityNot a string
[08May2026 16:04:24.934] [Server thread/ERROR] [net.minecraft.world.entity.Display/]: Display entityNot a string
[08May2026 16:04:24.934] [Server thread/ERROR] [net.minecraft.world.entity.Display/]: Display entityNot a string
[08May2026 16:04:25.184] [Server thread/ERROR] [net.minecraft.world.entity.Display/]: Display entityNot a string
[08May2026 16:04:25.185] [Server thread/ERROR] [net.minecraft.world.entity.Display/]: Display entityNot a string
[08May2026 16:04:25.434] [Server thread/ERROR] [net.minecraft.world.entity.Display/]: Display entityNot a string
[08May2026 16:04:25.434] [Server thread/ERROR] [net.minecraft.world.entity.Display/]: Display entityNot a string
[08May2026 16:04:25.684] [Server thread/ERROR] [net.minecraft.world.entity.Display/]: Display entityNot a string
[08May2026 16:04:25.684] [Server thread/ERROR] [net.minecraft.world.entity.Display/]: Display entityNot a string
[08May2026 16:04:25.935] [Server thread/ERROR] [net.minecraft.world.entity.Display/]: Display entityNot a string
[08May2026 16:04:25.935] [Server thread/ERROR] [net.minecraft.world.entity.Display/]: Display entityNot a string
[08May2026 16:04:26.186] [Server thread/ERROR] [net.minecraft.world.entity.Display/]: Display entityNot a string
[08May2026 16:04:26.187] [Server thread/ERROR] [net.minecraft.world.entity.Display/]: Display entityNot a string
[08May2026 16:04:26.436] [Server thread/ERROR] [net.minecraft.world.entity.Display/]: Display entityNot a string
[08May2026 16:04:26.436] [Server thread/ERROR] [net.minecraft.world.entity.Display/]: Display entityNot a string
[08May2026 16:04:26.687] [Server thread/ERROR] [net.minecraft.world.entity.Display/]: Display entityNot a string
[08May2026 16:04:26.688] [Server thread/ERROR] [net.minecraft.world.entity.Display/]: Display entityNot a string
[08May2026 16:04:26.935] [Server thread/ERROR] [net.minecraft.world.entity.Display/]: Display entityNot a string
[08May2026 16:04:26.936] [Server thread/ERROR] [net.minecraft.world.entity.Display/]: Display entityNot a string
[08May2026 16:04:27.185] [Server thread/ERROR] [net.minecraft.world.entity.Display/]: Display entityNot a string
[08May2026 16:04:27.185] [Server thread/ERROR] [net.minecraft.world.entity.Display/]: Display entityNot a string
[08May2026 16:04:27.436] [Server thread/ERROR] [net.minecraft.world.entity.Display/]: Display entityNot a string
[08May2026 16:04:27.436] [Server thread/ERROR] [net.minecraft.world.entity.Display/]: Display entityNot a string
[08May2026 16:04:27.690] [Server thread/ERROR] [net.minecraft.world.entity.Display/]: Display entityNot a string
[08May2026 16:04:27.690] [Server thread/ERROR] [net.minecraft.world.entity.Display/]: Display entityNot a string
[08May2026 16:04:27.936] [Server thread/ERROR] [net.minecraft.world.entity.Display/]: Display entityNot a string
[08May2026 16:04:27.936] [Server thread/ERROR] [net.minecraft.world.entity.Display/]: Display entityNot a string
[08May2026 16:04:28.184] [Server thread/ERROR] [net.minecraft.world.entity.Display/]: Display entityNot a string
[08May2026 16:04:28.185] [Server thread/ERROR] [net.minecraft.world.entity.Display/]: Display entityNot a string
[08May2026 16:04:28.434] [Server thread/ERROR] [net.minecraft.world.entity.Display/]: Display entityNot a string
[08May2026 16:04:28.434] [Server thread/ERROR] [net.minecraft.world.entity.Display/]: Display entityNot a string
[08May2026 16:04:28.685] [Server thread/ERROR] [net.minecraft.world.entity.Display/]: Display entityNot a string
[08May2026 16:04:28.685] [Server thread/ERROR] [net.minecraft.world.entity.Display/]: Display entityNot a string
[08May2026 16:04:28.934] [Server thread/ERROR] [net.minecraft.world.entity.Display/]: Display entityNot a string
[08May2026 16:04:28.935] [Server thread/ERROR] [net.minecraft.world.entity.Display/]: Display entityNot a string
[08May2026 16:04:29.184] [Server thread/ERROR] [net.minecraft.world.entity.Display/]: Display entityNot a string
[08May2026 16:04:29.184] [Server thread/ERROR] [net.minecraft.world.entity.Display/]: Display entityNot a string
[08May2026 16:04:29.435] [Server thread/ERROR] [net.minecraft.world.entity.Display/]: Display entityNot a string
[08May2026 16:04:29.435] [Server thread/ERROR] [net.minecraft.world.entity.Display/]: Display entityNot a string
[08May2026 16:04:29.685] [Server thread/ERROR] [net.minecraft.world.entity.Display/]: Display entityNot a string
[08May2026 16:04:29.685] [Server thread/ERROR] [net.minecraft.world.entity.Display/]: Display entityNot a string
[08May2026 16:04:29.938] [Server thread/ERROR] [net.minecraft.world.entity.Display/]: Display entityNot a string
[08May2026 16:04:29.938] [Server thread/ERROR] [net.minecraft.world.entity.Display/]: Display entityNot a string
[08May2026 16:04:30.185] [Server thread/ERROR] [net.minecraft.world.entity.Display/]: Display entityNot a string
[08May2026 16:04:30.186] [Server thread/ERROR] [net.minecraft.world.entity.Display/]: Display entityNot a string
[08May2026 16:04:30.435] [Server thread/ERROR] [net.minecraft.world.entity.Display/]: Display entityNot a string
[08May2026 16:04:30.436] [Server thread/ERROR] [net.minecraft.world.entity.Display/]: Display entityNot a string
[08May2026 16:04:30.688] [Server thread/ERROR] [net.minecraft.world.entity.Display/]: Display entityNot a string
[08May2026 16:04:30.688] [Server thread/ERROR] [net.minecraft.world.entity.Display/]: Display entityNot a string
[08May2026 16:04:30.936] [Server thread/ERROR] [net.minecraft.world.entity.Display/]: Display entityNot a string
[08May2026 16:04:30.936] [Server thread/ERROR] [net.minecraft.world.entity.Display/]: Display entityNot a string
[08May2026 16:04:31.186] [Server thread/ERROR] [net.minecraft.world.entity.Display/]: Display entityNot a string
[08May2026 16:04:31.186] [Server thread/ERROR] [net.minecraft.world.entity.Display/]: Display entityNot a string
[08May2026 16:04:31.435] [Server thread/ERROR] [net.minecraft.world.entity.Display/]: Display entityNot a string
[08May2026 16:04:31.435] [Server thread/ERROR] [net.minecraft.world.entity.Display/]: Display entityNot a string
[08May2026 16:04:31.684] [Server thread/ERROR] [net.minecraft.world.entity.Display/]: Display entityNot a string
[08May2026 16:04:31.684] [Server thread/ERROR] [net.minecraft.world.entity.Display/]: Display entityNot a string
[08May2026 16:04:31.934] [Server thread/ERROR] [net.minecraft.world.entity.Display/]: Display entityNot a string
[08May2026 16:04:31.934] [Server thread/ERROR] [net.minecraft.world.entity.Display/]: Display entityNot a string
[08May2026 16:04:32.184] [Server thread/ERROR] [net.minecraft.world.entity.Display/]: Display entityNot a string
[08May2026 16:04:32.184] [Server thread/ERROR] [net.minecraft.world.entity.Display/]: Display entityNot a string
[08May2026 16:04:32.434] [Server thread/ERROR] [net.minecraft.world.entity.Display/]: Display entityNot a string
[08May2026 16:04:32.434] [Server thread/ERROR] [net.minecraft.world.entity.Display/]: Display entityNot a string
[08May2026 16:04:32.684] [Server thread/ERROR] [net.minecraft.world.entity.Display/]: Display entityNot a string
[08May2026 16:04:32.684] [Server thread/ERROR] [net.minecraft.world.entity.Display/]: Display entityNot a string
[08May2026 16:04:32.935] [Server thread/ERROR] [net.minecraft.world.entity.Display/]: Display entityNot a string
[08May2026 16:04:32.935] [Server thread/ERROR] [net.minecraft.world.entity.Display/]: Display entityNot a string
[08May2026 16:04:33.185] [Server thread/ERROR] [net.minecraft.world.entity.Display/]: Display entityNot a string
[08May2026 16:04:33.185] [Server thread/ERROR] [net.minecraft.world.entity.Display/]: Display entityNot a string
[08May2026 16:04:33.435] [Server thread/ERROR] [net.minecraft.world.entity.Display/]: Display entityNot a string
[08May2026 16:04:33.435] [Server thread/ERROR] [net.minecraft.world.entity.Display/]: Display entityNot a string
[08May2026 16:04:33.686] [Server thread/ERROR] [net.minecraft.world.entity.Display/]: Display entityNot a string
[08May2026 16:04:33.686] [Server thread/ERROR] [net.minecraft.world.entity.Display/]: Display entityNot a string
[08May2026 16:04:33.937] [Server thread/ERROR] [net.minecraft.world.entity.Display/]: Display entityNot a string
[08May2026 16:04:33.937] [Server thread/ERROR] [net.minecraft.world.entity.Display/]: Display entityNot a string
[08May2026 16:04:34.186] [Server thread/ERROR] [net.minecraft.world.entity.Display/]: Display entityNot a string
[08May2026 16:04:34.187] [Server thread/ERROR] [net.minecraft.world.entity.Display/]: Display entityNot a string
[08May2026 16:04:34.437] [Server thread/ERROR] [net.minecraft.world.entity.Display/]: Display entityNot a string
[08May2026 16:04:34.438] [Server thread/ERROR] [net.minecraft.world.entity.Display/]: Display entityNot a string
[08May2026 16:04:34.685] [Server thread/ERROR] [net.minecraft.world.entity.Display/]: Display entityNot a string
[08May2026 16:04:34.685] [Server thread/ERROR] [net.minecraft.world.entity.Display/]: Display entityNot a string
[08May2026 16:04:34.934] [Server thread/ERROR] [net.minecraft.world.entity.Display/]: Display entityNot a string
[08May2026 16:04:34.935] [Server thread/ERROR] [net.minecraft.world.entity.Display/]: Display entityNot a string
[08May2026 16:04:35.036] [Server thread/INFO] [net.minecraft.server.MinecraftServer/]: [Dev: Summoned peashooter]
[08May2026 16:04:35.041] [Render thread/INFO] [net.minecraft.client.gui.components.ChatComponent/]: [System] [CHAT] Summoned peashooter
[08May2026 16:04:35.185] [Server thread/ERROR] [net.minecraft.world.entity.Display/]: Display entityNot a string
[08May2026 16:04:35.186] [Server thread/ERROR] [net.minecraft.world.entity.Display/]: Display entityNot a string
[08May2026 16:04:35.435] [Server thread/ERROR] [net.minecraft.world.entity.Display/]: Display entityNot a string
[08May2026 16:04:35.436] [Server thread/ERROR] [net.minecraft.world.entity.Display/]: Display entityNot a string
[08May2026 16:04:35.684] [Server thread/ERROR] [net.minecraft.world.entity.Display/]: Display entityNot a string
[08May2026 16:04:35.685] [Server thread/ERROR] [net.minecraft.world.entity.Display/]: Display entityNot a string
[08May2026 16:04:35.935] [Server thread/ERROR] [net.minecraft.world.entity.Display/]: Display entityNot a string
[08May2026 16:04:35.935] [Server thread/ERROR] [net.minecraft.world.entity.Display/]: Display entityNot a string
[08May2026 16:04:36.186] [Server thread/ERROR] [net.minecraft.world.entity.Display/]: Display entityNot a string
[08May2026 16:04:36.187] [Server thread/ERROR] [net.minecraft.world.entity.Display/]: Display entityNot a string
[08May2026 16:04:36.435] [Server thread/ERROR] [net.minecraft.world.entity.Display/]: Display entityNot a string
[08May2026 16:04:36.435] [Server thread/ERROR] [net.minecraft.world.entity.Display/]: Display entityNot a string
[08May2026 16:04:36.684] [Server thread/ERROR] [net.minecraft.world.entity.Display/]: Display entityNot a string
[08May2026 16:04:36.685] [Server thread/ERROR] [net.minecraft.world.entity.Display/]: Display entityNot a string
[08May2026 16:04:36.934] [Server thread/ERROR] [net.minecraft.world.entity.Display/]: Display entityNot a string
[08May2026 16:04:36.934] [Server thread/ERROR] [net.minecraft.world.entity.Display/]: Display entityNot a string
[08May2026 16:04:37.041] [Server thread/INFO] [net.minecraft.server.MinecraftServer/]: [Dev: Summoned peashooter]
[08May2026 16:04:37.043] [Render thread/INFO] [net.minecraft.client.gui.components.ChatComponent/]: [System] [CHAT] Summoned peashooter
[08May2026 16:04:37.185] [Server thread/ERROR] [net.minecraft.world.entity.Display/]: Display entityNot a string
[08May2026 16:04:37.186] [Server thread/ERROR] [net.minecraft.world.entity.Display/]: Display entityNot a string
[08May2026 16:04:37.435] [Server thread/ERROR] [net.minecraft.world.entity.Display/]: Display entityNot a string
[08May2026 16:04:37.435] [Server thread/ERROR] [net.minecraft.world.entity.Display/]: Display entityNot a string
[08May2026 16:04:37.685] [Server thread/ERROR] [net.minecraft.world.entity.Display/]: Display entityNot a string
[08May2026 16:04:37.685] [Server thread/ERROR] [net.minecraft.world.entity.Display/]: Display entityNot a string
[08May2026 16:04:37.936] [Server thread/ERROR] [net.minecraft.world.entity.Display/]: Display entityNot a string
[08May2026 16:04:37.937] [Server thread/ERROR] [net.minecraft.world.entity.Display/]: Display entityNot a string
[08May2026 16:04:38.185] [Server thread/ERROR] [net.minecraft.world.entity.Display/]: Display entityNot a string
[08May2026 16:04:38.185] [Server thread/ERROR] [net.minecraft.world.entity.Display/]: Display entityNot a string
[08May2026 16:04:38.435] [Server thread/ERROR] [net.minecraft.world.entity.Display/]: Display entityNot a string
[08May2026 16:04:38.435] [Server thread/ERROR] [net.minecraft.world.entity.Display/]: Display entityNot a string
[08May2026 16:04:38.686] [Server thread/ERROR] [net.minecraft.world.entity.Display/]: Display entityNot a string
[08May2026 16:04:38.686] [Server thread/ERROR] [net.minecraft.world.entity.Display/]: Display entityNot a string
[08May2026 16:04:38.935] [Server thread/ERROR] [net.minecraft.world.entity.Display/]: Display entityNot a string
[08May2026 16:04:38.935] [Server thread/ERROR] [net.minecraft.world.entity.Display/]: Display entityNot a string
[08May2026 16:04:39.186] [Server thread/ERROR] [net.minecraft.world.entity.Display/]: Display entityNot a string
[08May2026 16:04:39.186] [Server thread/ERROR] [net.minecraft.world.entity.Display/]: Display entityNot a string
[08May2026 16:04:39.267] [Server thread/INFO] [net.minecraft.server.MinecraftServer/]: [Dev: Summoned peashooter]
[08May2026 16:04:39.272] [Render thread/INFO] [net.minecraft.client.gui.components.ChatComponent/]: [System] [CHAT] Summoned peashooter
[08May2026 16:04:39.439] [Server thread/ERROR] [net.minecraft.world.entity.Display/]: Display entityNot a string
[08May2026 16:04:39.439] [Server thread/ERROR] [net.minecraft.world.entity.Display/]: Display entityNot a string
[08May2026 16:04:39.684] [Server thread/ERROR] [net.minecraft.world.entity.Display/]: Display entityNot a string
[08May2026 16:04:39.685] [Server thread/ERROR] [net.minecraft.world.entity.Display/]: Display entityNot a string
[08May2026 16:04:39.934] [Server thread/ERROR] [net.minecraft.world.entity.Display/]: Display entityNot a string
[08May2026 16:04:39.935] [Server thread/ERROR] [net.minecraft.world.entity.Display/]: Display entityNot a string
[08May2026 16:04:40.185] [Server thread/ERROR] [net.minecraft.world.entity.Display/]: Display entityNot a string
[08May2026 16:04:40.185] [Server thread/ERROR] [net.minecraft.world.entity.Display/]: Display entityNot a string
[08May2026 16:04:40.439] [Server thread/ERROR] [net.minecraft.world.entity.Display/]: Display entityNot a string
[08May2026 16:04:40.440] [Server thread/ERROR] [net.minecraft.world.entity.Display/]: Display entityNot a string
[08May2026 16:04:40.686] [Server thread/ERROR] [net.minecraft.world.entity.Display/]: Display entityNot a string
[08May2026 16:04:40.686] [Server thread/ERROR] [net.minecraft.world.entity.Display/]: Display entityNot a string
[08May2026 16:04:40.937] [Server thread/ERROR] [net.minecraft.world.entity.Display/]: Display entityNot a string
[08May2026 16:04:40.937] [Server thread/ERROR] [net.minecraft.world.entity.Display/]: Display entityNot a string
[08May2026 16:04:41.187] [Server thread/ERROR] [net.minecraft.world.entity.Display/]: Display entityNot a string
[08May2026 16:04:41.188] [Server thread/ERROR] [net.minecraft.world.entity.Display/]: Display entityNot a string
[08May2026 16:04:41.395] [Server thread/INFO] [net.minecraft.server.MinecraftServer/]: [Dev: Summoned peashooter]
[08May2026 16:04:41.400] [Render thread/INFO] [net.minecraft.client.gui.components.ChatComponent/]: [System] [CHAT] Summoned peashooter
[08May2026 16:04:41.435] [Server thread/ERROR] [net.minecraft.world.entity.Display/]: Display entityNot a string
[08May2026 16:04:41.435] [Server thread/ERROR] [net.minecraft.world.entity.Display/]: Display entityNot a string
[08May2026 16:04:41.685] [Server thread/ERROR] [net.minecraft.world.entity.Display/]: Display entityNot a string
[08May2026 16:04:41.685] [Server thread/ERROR] [net.minecraft.world.entity.Display/]: Display entityNot a string
[08May2026 16:04:41.935] [Server thread/ERROR] [net.minecraft.world.entity.Display/]: Display entityNot a string
[08May2026 16:04:41.935] [Server thread/ERROR] [net.minecraft.world.entity.Display/]: Display entityNot a string
[08May2026 16:04:42.185] [Server thread/ERROR] [net.minecraft.world.entity.Display/]: Display entityNot a string
[08May2026 16:04:42.185] [Server thread/ERROR] [net.minecraft.world.entity.Display/]: Display entityNot a string
[08May2026 16:04:42.437] [Server thread/ERROR] [net.minecraft.world.entity.Display/]: Display entityNot a string
[08May2026 16:04:42.438] [Server thread/ERROR] [net.minecraft.world.entity.Display/]: Display entityNot a string
[08May2026 16:04:42.685] [Server thread/ERROR] [net.minecraft.world.entity.Display/]: Display entityNot a string
[08May2026 16:04:42.686] [Server thread/ERROR] [net.minecraft.world.entity.Display/]: Display entityNot a string
[08May2026 16:04:42.935] [Server thread/ERROR] [net.minecraft.world.entity.Display/]: Display entityNot a string
[08May2026 16:04:42.935] [Server thread/ERROR] [net.minecraft.world.entity.Display/]: Display entityNot a string
[08May2026 16:04:43.188] [Server thread/ERROR] [net.minecraft.world.entity.Display/]: Display entityNot a string
[08May2026 16:04:43.188] [Server thread/ERROR] [net.minecraft.world.entity.Display/]: Display entityNot a string
[08May2026 16:04:43.436] [Server thread/ERROR] [net.minecraft.world.entity.Display/]: Display entityNot a string
[08May2026 16:04:43.436] [Server thread/ERROR] [net.minecraft.world.entity.Display/]: Display entityNot a string
[08May2026 16:04:43.687] [Server thread/ERROR] [net.minecraft.world.entity.Display/]: Display entityNot a string
[08May2026 16:04:43.688] [Server thread/ERROR] [net.minecraft.world.entity.Display/]: Display entityNot a string
[08May2026 16:04:43.935] [Server thread/ERROR] [net.minecraft.world.entity.Display/]: Display entityNot a string
[08May2026 16:04:43.935] [Server thread/ERROR] [net.minecraft.world.entity.Display/]: Display entityNot a string
[08May2026 16:04:44.185] [Server thread/ERROR] [net.minecraft.world.entity.Display/]: Display entityNot a string
[08May2026 16:04:44.185] [Server thread/ERROR] [net.minecraft.world.entity.Display/]: Display entityNot a string
[08May2026 16:04:44.436] [Server thread/ERROR] [net.minecraft.world.entity.Display/]: Display entityNot a string
[08May2026 16:04:44.436] [Server thread/ERROR] [net.minecraft.world.entity.Display/]: Display entityNot a string
[08May2026 16:04:44.588] [Server thread/INFO] [net.minecraft.world.entity.LivingEntity/]: Named entity PvZZombieEntity['Basic Zombie'/2625, l='ServerLevel[New World]', x=-22.75, y=69.00, z=52.75] died: Basic Zombie was slain by Peashooter
[08May2026 16:04:44.685] [Server thread/ERROR] [net.minecraft.world.entity.Display/]: Display entityNot a string
[08May2026 16:04:44.685] [Server thread/ERROR] [net.minecraft.world.entity.Display/]: Display entityNot a string
[08May2026 16:04:44.936] [Server thread/ERROR] [net.minecraft.world.entity.Display/]: Display entityNot a string
[08May2026 16:04:44.937] [Server thread/ERROR] [net.minecraft.world.entity.Display/]: Display entityNot a string
[08May2026 16:04:45.186] [Server thread/ERROR] [net.minecraft.world.entity.Display/]: Display entityNot a string
[08May2026 16:04:45.186] [Server thread/ERROR] [net.minecraft.world.entity.Display/]: Display entityNot a string
[08May2026 16:04:45.434] [Server thread/ERROR] [net.minecraft.world.entity.Display/]: Display entityNot a string
[08May2026 16:04:45.434] [Server thread/ERROR] [net.minecraft.world.entity.Display/]: Display entityNot a string
[08May2026 16:04:45.685] [Server thread/ERROR] [net.minecraft.world.entity.Display/]: Display entityNot a string
[08May2026 16:04:45.685] [Server thread/ERROR] [net.minecraft.world.entity.Display/]: Display entityNot a string
[08May2026 16:04:45.935] [Server thread/ERROR] [net.minecraft.world.entity.Display/]: Display entityNot a string
[08May2026 16:04:45.936] [Server thread/ERROR] [net.minecraft.world.entity.Display/]: Display entityNot a string
[08May2026 16:04:46.185] [Server thread/ERROR] [net.minecraft.world.entity.Display/]: Display entityNot a string
[08May2026 16:04:46.185] [Server thread/ERROR] [net.minecraft.world.entity.Display/]: Display entityNot a string
[08May2026 16:04:46.436] [Server thread/ERROR] [net.minecraft.world.entity.Display/]: Display entityNot a string
[08May2026 16:04:46.436] [Server thread/ERROR] [net.minecraft.world.entity.Display/]: Display entityNot a string
[08May2026 16:04:46.685] [Server thread/ERROR] [net.minecraft.world.entity.Display/]: Display entityNot a string
[08May2026 16:04:46.685] [Server thread/ERROR] [net.minecraft.world.entity.Display/]: Display entityNot a string
[08May2026 16:04:46.936] [Server thread/ERROR] [net.minecraft.world.entity.Display/]: Display entityNot a string
[08May2026 16:04:46.936] [Server thread/ERROR] [net.minecraft.world.entity.Display/]: Display entityNot a string
[08May2026 16:04:47.184] [Server thread/ERROR] [net.minecraft.world.entity.Display/]: Display entityNot a string
[08May2026 16:04:47.185] [Server thread/ERROR] [net.minecraft.world.entity.Display/]: Display entityNot a string
[08May2026 16:04:47.436] [Server thread/ERROR] [net.minecraft.world.entity.Display/]: Display entityNot a string
[08May2026 16:04:47.436] [Server thread/ERROR] [net.minecraft.world.entity.Display/]: Display entityNot a string
[08May2026 16:04:47.686] [Server thread/ERROR] [net.minecraft.world.entity.Display/]: Display entityNot a string
[08May2026 16:04:47.686] [Server thread/ERROR] [net.minecraft.world.entity.Display/]: Display entityNot a string
[08May2026 16:04:47.934] [Server thread/ERROR] [net.minecraft.world.entity.Display/]: Display entityNot a string
[08May2026 16:04:47.934] [Server thread/ERROR] [net.minecraft.world.entity.Display/]: Display entityNot a string
[08May2026 16:04:48.186] [Server thread/ERROR] [net.minecraft.world.entity.Display/]: Display entityNot a string
[08May2026 16:04:48.186] [Server thread/ERROR] [net.minecraft.world.entity.Display/]: Display entityNot a string
[08May2026 16:04:48.434] [Server thread/ERROR] [net.minecraft.world.entity.Display/]: Display entityNot a string
[08May2026 16:04:48.434] [Server thread/ERROR] [net.minecraft.world.entity.Display/]: Display entityNot a string
[08May2026 16:04:48.686] [Server thread/ERROR] [net.minecraft.world.entity.Display/]: Display entityNot a string
[08May2026 16:04:48.686] [Server thread/ERROR] [net.minecraft.world.entity.Display/]: Display entityNot a string
[08May2026 16:04:48.939] [Server thread/ERROR] [net.minecraft.world.entity.Display/]: Display entityNot a string
[08May2026 16:04:48.939] [Server thread/ERROR] [net.minecraft.world.entity.Display/]: Display entityNot a string
[08May2026 16:04:49.185] [Server thread/ERROR] [net.minecraft.world.entity.Display/]: Display entityNot a string
[08May2026 16:04:49.185] [Server thread/ERROR] [net.minecraft.world.entity.Display/]: Display entityNot a string
[08May2026 16:04:49.435] [Server thread/ERROR] [net.minecraft.world.entity.Display/]: Display entityNot a string
[08May2026 16:04:49.435] [Server thread/ERROR] [net.minecraft.world.entity.Display/]: Display entityNot a string
[08May2026 16:04:49.686] [Server thread/ERROR] [net.minecraft.world.entity.Display/]: Display entityNot a string
[08May2026 16:04:49.687] [Server thread/ERROR] [net.minecraft.world.entity.Display/]: Display entityNot a string
[08May2026 16:04:49.938] [Server thread/ERROR] [net.minecraft.world.entity.Display/]: Display entityNot a string
[08May2026 16:04:49.938] [Server thread/ERROR] [net.minecraft.world.entity.Display/]: Display entityNot a string
[08May2026 16:04:50.187] [Server thread/ERROR] [net.minecraft.world.entity.Display/]: Display entityNot a string
[08May2026 16:04:50.187] [Server thread/ERROR] [net.minecraft.world.entity.Display/]: Display entityNot a string
[08May2026 16:04:50.435] [Server thread/ERROR] [net.minecraft.world.entity.Display/]: Display entityNot a string
[08May2026 16:04:50.435] [Server thread/ERROR] [net.minecraft.world.entity.Display/]: Display entityNot a string
[08May2026 16:04:50.686] [Server thread/ERROR] [net.minecraft.world.entity.Display/]: Display entityNot a string
[08May2026 16:04:50.686] [Server thread/ERROR] [net.minecraft.world.entity.Display/]: Display entityNot a string
[08May2026 16:04:50.936] [Server thread/ERROR] [net.minecraft.world.entity.Display/]: Display entityNot a string
[08May2026 16:04:50.936] [Server thread/ERROR] [net.minecraft.world.entity.Display/]: Display entityNot a string
[08May2026 16:04:51.200] [Server thread/ERROR] [net.minecraft.world.entity.Display/]: Display entityNot a string
[08May2026 16:04:51.200] [Server thread/ERROR] [net.minecraft.world.entity.Display/]: Display entityNot a string
[08May2026 16:04:51.445] [Server thread/ERROR] [net.minecraft.world.entity.Display/]: Display entityNot a string
[08May2026 16:04:51.445] [Server thread/ERROR] [net.minecraft.world.entity.Display/]: Display entityNot a string
[08May2026 16:04:51.687] [Server thread/ERROR] [net.minecraft.world.entity.Display/]: Display entityNot a string
[08May2026 16:04:51.687] [Server thread/ERROR] [net.minecraft.world.entity.Display/]: Display entityNot a string
[08May2026 16:04:51.934] [Server thread/ERROR] [net.minecraft.world.entity.Display/]: Display entityNot a string
[08May2026 16:04:51.934] [Server thread/ERROR] [net.minecraft.world.entity.Display/]: Display entityNot a string
[08May2026 16:04:52.185] [Server thread/ERROR] [net.minecraft.world.entity.Display/]: Display entityNot a string
[08May2026 16:04:52.185] [Server thread/ERROR] [net.minecraft.world.entity.Display/]: Display entityNot a string
[08May2026 16:04:52.435] [Server thread/ERROR] [net.minecraft.world.entity.Display/]: Display entityNot a string
[08May2026 16:04:52.436] [Server thread/ERROR] [net.minecraft.world.entity.Display/]: Display entityNot a string
[08May2026 16:04:52.688] [Server thread/ERROR] [net.minecraft.world.entity.Display/]: Display entityNot a string
[08May2026 16:04:52.689] [Server thread/ERROR] [net.minecraft.world.entity.Display/]: Display entityNot a string
[08May2026 16:04:52.937] [Server thread/ERROR] [net.minecraft.world.entity.Display/]: Display entityNot a string
[08May2026 16:04:52.937] [Server thread/ERROR] [net.minecraft.world.entity.Display/]: Display entityNot a string
[08May2026 16:04:53.187] [Server thread/ERROR] [net.minecraft.world.entity.Display/]: Display entityNot a string
[08May2026 16:04:53.187] [Server thread/ERROR] [net.minecraft.world.entity.Display/]: Display entityNot a string
[08May2026 16:04:53.437] [Server thread/ERROR] [net.minecraft.world.entity.Display/]: Display entityNot a string
[08May2026 16:04:53.437] [Server thread/ERROR] [net.minecraft.world.entity.Display/]: Display entityNot a string
[08May2026 16:04:53.686] [Server thread/ERROR] [net.minecraft.world.entity.Display/]: Display entityNot a string
[08May2026 16:04:53.686] [Server thread/ERROR] [net.minecraft.world.entity.Display/]: Display entityNot a string
[08May2026 16:04:53.936] [Server thread/ERROR] [net.minecraft.world.entity.Display/]: Display entityNot a string
[08May2026 16:04:53.937] [Server thread/ERROR] [net.minecraft.world.entity.Display/]: Display entityNot a string
[08May2026 16:04:54.186] [Server thread/ERROR] [net.minecraft.world.entity.Display/]: Display entityNot a string
[08May2026 16:04:54.186] [Server thread/ERROR] [net.minecraft.world.entity.Display/]: Display entityNot a string
[08May2026 16:04:54.436] [Server thread/ERROR] [net.minecraft.world.entity.Display/]: Display entityNot a string
[08May2026 16:04:54.436] [Server thread/ERROR] [net.minecraft.world.entity.Display/]: Display entityNot a string
[08May2026 16:04:54.688] [Server thread/ERROR] [net.minecraft.world.entity.Display/]: Display entityNot a string
[08May2026 16:04:54.688] [Server thread/ERROR] [net.minecraft.world.entity.Display/]: Display entityNot a string
[08May2026 16:04:54.939] [Server thread/ERROR] [net.minecraft.world.entity.Display/]: Display entityNot a string
[08May2026 16:04:54.939] [Server thread/ERROR] [net.minecraft.world.entity.Display/]: Display entityNot a string
[08May2026 16:04:55.186] [Server thread/ERROR] [net.minecraft.world.entity.Display/]: Display entityNot a string
[08May2026 16:04:55.186] [Server thread/ERROR] [net.minecraft.world.entity.Display/]: Display entityNot a string
[08May2026 16:04:55.435] [Server thread/ERROR] [net.minecraft.world.entity.Display/]: Display entityNot a string
[08May2026 16:04:55.435] [Server thread/ERROR] [net.minecraft.world.entity.Display/]: Display entityNot a string
[08May2026 16:04:55.686] [Server thread/ERROR] [net.minecraft.world.entity.Display/]: Display entityNot a string
[08May2026 16:04:55.686] [Server thread/ERROR] [net.minecraft.world.entity.Display/]: Display entityNot a string
[08May2026 16:04:55.935] [Server thread/ERROR] [net.minecraft.world.entity.Display/]: Display entityNot a string
[08May2026 16:04:55.936] [Server thread/ERROR] [net.minecraft.world.entity.Display/]: Display entityNot a string
[08May2026 16:04:56.186] [Server thread/ERROR] [net.minecraft.world.entity.Display/]: Display entityNot a string
[08May2026 16:04:56.186] [Server thread/ERROR] [net.minecraft.world.entity.Display/]: Display entityNot a string
[08May2026 16:04:56.437] [Server thread/ERROR] [net.minecraft.world.entity.Display/]: Display entityNot a string
[08May2026 16:04:56.437] [Server thread/ERROR] [net.minecraft.world.entity.Display/]: Display entityNot a string
[08May2026 16:04:56.685] [Server thread/ERROR] [net.minecraft.world.entity.Display/]: Display entityNot a string
[08May2026 16:04:56.685] [Server thread/ERROR] [net.minecraft.world.entity.Display/]: Display entityNot a string
[08May2026 16:04:56.938] [Server thread/ERROR] [net.minecraft.world.entity.Display/]: Display entityNot a string
[08May2026 16:04:56.939] [Server thread/ERROR] [net.minecraft.world.entity.Display/]: Display entityNot a string
[08May2026 16:04:57.189] [Server thread/ERROR] [net.minecraft.world.entity.Display/]: Display entityNot a string
[08May2026 16:04:57.189] [Server thread/ERROR] [net.minecraft.world.entity.Display/]: Display entityNot a string
[08May2026 16:04:57.436] [Server thread/ERROR] [net.minecraft.world.entity.Display/]: Display entityNot a string
[08May2026 16:04:57.436] [Server thread/ERROR] [net.minecraft.world.entity.Display/]: Display entityNot a string
[08May2026 16:04:57.687] [Server thread/ERROR] [net.minecraft.world.entity.Display/]: Display entityNot a string
[08May2026 16:04:57.687] [Server thread/ERROR] [net.minecraft.world.entity.Display/]: Display entityNot a string
[08May2026 16:04:57.937] [Server thread/ERROR] [net.minecraft.world.entity.Display/]: Display entityNot a string
[08May2026 16:04:57.937] [Server thread/ERROR] [net.minecraft.world.entity.Display/]: Display entityNot a string
[08May2026 16:04:58.187] [Server thread/ERROR] [net.minecraft.world.entity.Display/]: Display entityNot a string
[08May2026 16:04:58.188] [Server thread/ERROR] [net.minecraft.world.entity.Display/]: Display entityNot a string
[08May2026 16:04:58.436] [Server thread/ERROR] [net.minecraft.world.entity.Display/]: Display entityNot a string
[08May2026 16:04:58.436] [Server thread/ERROR] [net.minecraft.world.entity.Display/]: Display entityNot a string
[08May2026 16:04:58.687] [Server thread/ERROR] [net.minecraft.world.entity.Display/]: Display entityNot a string
[08May2026 16:04:58.688] [Server thread/ERROR] [net.minecraft.world.entity.Display/]: Display entityNot a string
[08May2026 16:04:58.936] [Server thread/ERROR] [net.minecraft.world.entity.Display/]: Display entityNot a string
[08May2026 16:04:58.936] [Server thread/ERROR] [net.minecraft.world.entity.Display/]: Display entityNot a string
[08May2026 16:04:59.184] [Server thread/ERROR] [net.minecraft.world.entity.Display/]: Display entityNot a string
[08May2026 16:04:59.184] [Server thread/ERROR] [net.minecraft.world.entity.Display/]: Display entityNot a string
[08May2026 16:04:59.436] [Server thread/ERROR] [net.minecraft.world.entity.Display/]: Display entityNot a string
[08May2026 16:04:59.436] [Server thread/ERROR] [net.minecraft.world.entity.Display/]: Display entityNot a string
[08May2026 16:04:59.686] [Server thread/ERROR] [net.minecraft.world.entity.Display/]: Display entityNot a string
[08May2026 16:04:59.686] [Server thread/ERROR] [net.minecraft.world.entity.Display/]: Display entityNot a string
[08May2026 16:04:59.936] [Server thread/ERROR] [net.minecraft.world.entity.Display/]: Display entityNot a string
[08May2026 16:04:59.936] [Server thread/ERROR] [net.minecraft.world.entity.Display/]: Display entityNot a string
[08May2026 16:05:00.191] [Server thread/ERROR] [net.minecraft.world.entity.Display/]: Display entityNot a string
[08May2026 16:05:00.192] [Server thread/ERROR] [net.minecraft.world.entity.Display/]: Display entityNot a string
[08May2026 16:05:00.439] [Server thread/ERROR] [net.minecraft.world.entity.Display/]: Display entityNot a string
[08May2026 16:05:00.439] [Server thread/ERROR] [net.minecraft.world.entity.Display/]: Display entityNot a string
[08May2026 16:05:00.689] [Server thread/ERROR] [net.minecraft.world.entity.Display/]: Display entityNot a string
[08May2026 16:05:00.689] [Server thread/ERROR] [net.minecraft.world.entity.Display/]: Display entityNot a string
[08May2026 16:05:00.939] [Server thread/ERROR] [net.minecraft.world.entity.Display/]: Display entityNot a string
[08May2026 16:05:00.940] [Server thread/ERROR] [net.minecraft.world.entity.Display/]: Display entityNot a string
[08May2026 16:05:01.186] [Server thread/ERROR] [net.minecraft.world.entity.Display/]: Display entityNot a string
[08May2026 16:05:01.186] [Server thread/ERROR] [net.minecraft.world.entity.Display/]: Display entityNot a string
[08May2026 16:05:01.448] [Server thread/ERROR] [net.minecraft.world.entity.Display/]: Display entityNot a string
[08May2026 16:05:01.448] [Server thread/ERROR] [net.minecraft.world.entity.Display/]: Display entityNot a string
[08May2026 16:05:01.692] [Server thread/ERROR] [net.minecraft.world.entity.Display/]: Display entityNot a string
[08May2026 16:05:01.692] [Server thread/ERROR] [net.minecraft.world.entity.Display/]: Display entityNot a string
[08May2026 16:05:01.934] [Server thread/ERROR] [net.minecraft.world.entity.Display/]: Display entityNot a string
[08May2026 16:05:01.935] [Server thread/ERROR] [net.minecraft.world.entity.Display/]: Display entityNot a string
[08May2026 16:05:02.185] [Server thread/ERROR] [net.minecraft.world.entity.Display/]: Display entityNot a string
[08May2026 16:05:02.185] [Server thread/ERROR] [net.minecraft.world.entity.Display/]: Display entityNot a string
[08May2026 16:05:02.440] [Server thread/ERROR] [net.minecraft.world.entity.Display/]: Display entityNot a string
[08May2026 16:05:02.440] [Server thread/ERROR] [net.minecraft.world.entity.Display/]: Display entityNot a string
[08May2026 16:05:02.687] [Server thread/ERROR] [net.minecraft.world.entity.Display/]: Display entityNot a string
[08May2026 16:05:02.688] [Server thread/ERROR] [net.minecraft.world.entity.Display/]: Display entityNot a string
[08May2026 16:05:02.935] [Server thread/ERROR] [net.minecraft.world.entity.Display/]: Display entityNot a string
[08May2026 16:05:02.935] [Server thread/ERROR] [net.minecraft.world.entity.Display/]: Display entityNot a string
[08May2026 16:05:03.189] [Server thread/ERROR] [net.minecraft.world.entity.Display/]: Display entityNot a string
[08May2026 16:05:03.189] [Server thread/ERROR] [net.minecraft.world.entity.Display/]: Display entityNot a string
[08May2026 16:05:03.438] [Server thread/ERROR] [net.minecraft.world.entity.Display/]: Display entityNot a string
[08May2026 16:05:03.438] [Server thread/ERROR] [net.minecraft.world.entity.Display/]: Display entityNot a string
[08May2026 16:05:03.686] [Server thread/ERROR] [net.minecraft.world.entity.Display/]: Display entityNot a string
[08May2026 16:05:03.687] [Server thread/ERROR] [net.minecraft.world.entity.Display/]: Display entityNot a string
[08May2026 16:05:03.939] [Server thread/ERROR] [net.minecraft.world.entity.Display/]: Display entityNot a string
[08May2026 16:05:03.939] [Server thread/ERROR] [net.minecraft.world.entity.Display/]: Display entityNot a string
[08May2026 16:05:04.185] [Server thread/ERROR] [net.minecraft.world.entity.Display/]: Display entityNot a string
[08May2026 16:05:04.185] [Server thread/ERROR] [net.minecraft.world.entity.Display/]: Display entityNot a string
[08May2026 16:05:04.435] [Server thread/ERROR] [net.minecraft.world.entity.Display/]: Display entityNot a string
[08May2026 16:05:04.436] [Server thread/ERROR] [net.minecraft.world.entity.Display/]: Display entityNot a string
[08May2026 16:05:04.685] [Server thread/ERROR] [net.minecraft.world.entity.Display/]: Display entityNot a string
[08May2026 16:05:04.685] [Server thread/ERROR] [net.minecraft.world.entity.Display/]: Display entityNot a string
[08May2026 16:05:04.934] [Server thread/ERROR] [net.minecraft.world.entity.Display/]: Display entityNot a string
[08May2026 16:05:04.934] [Server thread/ERROR] [net.minecraft.world.entity.Display/]: Display entityNot a string
[08May2026 16:05:05.185] [Server thread/ERROR] [net.minecraft.world.entity.Display/]: Display entityNot a string
[08May2026 16:05:05.185] [Server thread/ERROR] [net.minecraft.world.entity.Display/]: Display entityNot a string
[08May2026 16:05:05.435] [Server thread/ERROR] [net.minecraft.world.entity.Display/]: Display entityNot a string
[08May2026 16:05:05.435] [Server thread/ERROR] [net.minecraft.world.entity.Display/]: Display entityNot a string
[08May2026 16:05:05.684] [Server thread/ERROR] [net.minecraft.world.entity.Display/]: Display entityNot a string
[08May2026 16:05:05.684] [Server thread/ERROR] [net.minecraft.world.entity.Display/]: Display entityNot a string
[08May2026 16:05:05.934] [Server thread/ERROR] [net.minecraft.world.entity.Display/]: Display entityNot a string
[08May2026 16:05:05.935] [Server thread/ERROR] [net.minecraft.world.entity.Display/]: Display entityNot a string
[08May2026 16:05:05.935] [Server thread/INFO] [net.minecraft.world.entity.LivingEntity/]: Named entity PvZZombieEntity['Basic Zombie'/2738, l='ServerLevel[New World]', x=-20.98, y=69.00, z=54.17] died: Basic Zombie was slain by Peashooter
[08May2026 16:05:06.185] [Server thread/ERROR] [net.minecraft.world.entity.Display/]: Display entityNot a string
[08May2026 16:05:06.185] [Server thread/ERROR] [net.minecraft.world.entity.Display/]: Display entityNot a string
[08May2026 16:05:06.434] [Server thread/ERROR] [net.minecraft.world.entity.Display/]: Display entityNot a string
[08May2026 16:05:06.434] [Server thread/ERROR] [net.minecraft.world.entity.Display/]: Display entityNot a string
[08May2026 16:05:06.688] [Server thread/ERROR] [net.minecraft.world.entity.Display/]: Display entityNot a string
[08May2026 16:05:06.688] [Server thread/ERROR] [net.minecraft.world.entity.Display/]: Display entityNot a string
[08May2026 16:05:06.936] [Server thread/ERROR] [net.minecraft.world.entity.Display/]: Display entityNot a string
[08May2026 16:05:06.936] [Server thread/ERROR] [net.minecraft.world.entity.Display/]: Display entityNot a string
[08May2026 16:05:07.188] [Server thread/ERROR] [net.minecraft.world.entity.Display/]: Display entityNot a string
[08May2026 16:05:07.188] [Server thread/ERROR] [net.minecraft.world.entity.Display/]: Display entityNot a string
[08May2026 16:05:07.438] [Server thread/ERROR] [net.minecraft.world.entity.Display/]: Display entityNot a string
[08May2026 16:05:07.438] [Server thread/ERROR] [net.minecraft.world.entity.Display/]: Display entityNot a string
[08May2026 16:05:07.685] [Server thread/ERROR] [net.minecraft.world.entity.Display/]: Display entityNot a string
[08May2026 16:05:07.685] [Server thread/ERROR] [net.minecraft.world.entity.Display/]: Display entityNot a string
[08May2026 16:05:07.936] [Server thread/ERROR] [net.minecraft.world.entity.Display/]: Display entityNot a string
[08May2026 16:05:07.936] [Server thread/ERROR] [net.minecraft.world.entity.Display/]: Display entityNot a string
[08May2026 16:05:08.184] [Server thread/ERROR] [net.minecraft.world.entity.Display/]: Display entityNot a string
[08May2026 16:05:08.184] [Server thread/ERROR] [net.minecraft.world.entity.Display/]: Display entityNot a string
[08May2026 16:05:08.434] [Server thread/ERROR] [net.minecraft.world.entity.Display/]: Display entityNot a string
[08May2026 16:05:08.434] [Server thread/ERROR] [net.minecraft.world.entity.Display/]: Display entityNot a string
[08May2026 16:05:08.685] [Server thread/ERROR] [net.minecraft.world.entity.Display/]: Display entityNot a string
[08May2026 16:05:08.685] [Server thread/ERROR] [net.minecraft.world.entity.Display/]: Display entityNot a string
[08May2026 16:05:08.937] [Server thread/ERROR] [net.minecraft.world.entity.Display/]: Display entityNot a string
[08May2026 16:05:08.937] [Server thread/ERROR] [net.minecraft.world.entity.Display/]: Display entityNot a string
[08May2026 16:05:09.185] [Server thread/ERROR] [net.minecraft.world.entity.Display/]: Display entityNot a string
[08May2026 16:05:09.185] [Server thread/ERROR] [net.minecraft.world.entity.Display/]: Display entityNot a string
[08May2026 16:05:09.434] [Server thread/ERROR] [net.minecraft.world.entity.Display/]: Display entityNot a string
[08May2026 16:05:09.435] [Server thread/ERROR] [net.minecraft.world.entity.Display/]: Display entityNot a string
[08May2026 16:05:09.686] [Server thread/ERROR] [net.minecraft.world.entity.Display/]: Display entityNot a string
[08May2026 16:05:09.686] [Server thread/ERROR] [net.minecraft.world.entity.Display/]: Display entityNot a string
[08May2026 16:05:09.935] [Server thread/ERROR] [net.minecraft.world.entity.Display/]: Display entityNot a string
[08May2026 16:05:09.935] [Server thread/ERROR] [net.minecraft.world.entity.Display/]: Display entityNot a string
[08May2026 16:05:10.186] [Server thread/ERROR] [net.minecraft.world.entity.Display/]: Display entityNot a string
[08May2026 16:05:10.186] [Server thread/ERROR] [net.minecraft.world.entity.Display/]: Display entityNot a string
[08May2026 16:05:10.437] [Server thread/ERROR] [net.minecraft.world.entity.Display/]: Display entityNot a string
[08May2026 16:05:10.437] [Server thread/ERROR] [net.minecraft.world.entity.Display/]: Display entityNot a string
[08May2026 16:05:10.687] [Server thread/ERROR] [net.minecraft.world.entity.Display/]: Display entityNot a string
[08May2026 16:05:10.687] [Server thread/ERROR] [net.minecraft.world.entity.Display/]: Display entityNot a string
[08May2026 16:05:10.935] [Server thread/ERROR] [net.minecraft.world.entity.Display/]: Display entityNot a string
[08May2026 16:05:10.935] [Server thread/ERROR] [net.minecraft.world.entity.Display/]: Display entityNot a string
[08May2026 16:05:11.185] [Server thread/ERROR] [net.minecraft.world.entity.Display/]: Display entityNot a string
[08May2026 16:05:11.185] [Server thread/ERROR] [net.minecraft.world.entity.Display/]: Display entityNot a string
[08May2026 16:05:11.435] [Server thread/ERROR] [net.minecraft.world.entity.Display/]: Display entityNot a string
[08May2026 16:05:11.435] [Server thread/ERROR] [net.minecraft.world.entity.Display/]: Display entityNot a string
[08May2026 16:05:11.685] [Server thread/ERROR] [net.minecraft.world.entity.Display/]: Display entityNot a string
[08May2026 16:05:11.685] [Server thread/ERROR] [net.minecraft.world.entity.Display/]: Display entityNot a string
[08May2026 16:05:11.934] [Server thread/ERROR] [net.minecraft.world.entity.Display/]: Display entityNot a string
[08May2026 16:05:11.934] [Server thread/ERROR] [net.minecraft.world.entity.Display/]: Display entityNot a string
[08May2026 16:05:12.184] [Server thread/ERROR] [net.minecraft.world.entity.Display/]: Display entityNot a string
[08May2026 16:05:12.185] [Server thread/ERROR] [net.minecraft.world.entity.Display/]: Display entityNot a string
[08May2026 16:05:12.435] [Server thread/ERROR] [net.minecraft.world.entity.Display/]: Display entityNot a string
[08May2026 16:05:12.435] [Server thread/ERROR] [net.minecraft.world.entity.Display/]: Display entityNot a string
[08May2026 16:05:12.684] [Server thread/ERROR] [net.minecraft.world.entity.Display/]: Display entityNot a string
[08May2026 16:05:12.684] [Server thread/ERROR] [net.minecraft.world.entity.Display/]: Display entityNot a string
[08May2026 16:05:12.935] [Server thread/ERROR] [net.minecraft.world.entity.Display/]: Display entityNot a string
[08May2026 16:05:12.935] [Server thread/ERROR] [net.minecraft.world.entity.Display/]: Display entityNot a string
[08May2026 16:05:13.185] [Server thread/ERROR] [net.minecraft.world.entity.Display/]: Display entityNot a string
[08May2026 16:05:13.185] [Server thread/ERROR] [net.minecraft.world.entity.Display/]: Display entityNot a string
[08May2026 16:05:13.436] [Server thread/ERROR] [net.minecraft.world.entity.Display/]: Display entityNot a string
[08May2026 16:05:13.436] [Server thread/ERROR] [net.minecraft.world.entity.Display/]: Display entityNot a string
[08May2026 16:05:13.687] [Server thread/ERROR] [net.minecraft.world.entity.Display/]: Display entityNot a string
[08May2026 16:05:13.687] [Server thread/ERROR] [net.minecraft.world.entity.Display/]: Display entityNot a string
[08May2026 16:05:13.936] [Server thread/ERROR] [net.minecraft.world.entity.Display/]: Display entityNot a string
[08May2026 16:05:13.936] [Server thread/ERROR] [net.minecraft.world.entity.Display/]: Display entityNot a string
[08May2026 16:05:14.188] [Server thread/ERROR] [net.minecraft.world.entity.Display/]: Display entityNot a string
[08May2026 16:05:14.188] [Server thread/ERROR] [net.minecraft.world.entity.Display/]: Display entityNot a string
[08May2026 16:05:14.437] [Server thread/ERROR] [net.minecraft.world.entity.Display/]: Display entityNot a string
[08May2026 16:05:14.438] [Server thread/ERROR] [net.minecraft.world.entity.Display/]: Display entityNot a string
[08May2026 16:05:14.438] [Server thread/INFO] [net.minecraft.world.entity.LivingEntity/]: Named entity PvZZombieEntity['Basic Zombie'/2858, l='ServerLevel[New World]', x=-23.38, y=69.00, z=56.38] died: Basic Zombie was slain by Peashooter
[08May2026 16:05:14.684] [Server thread/ERROR] [net.minecraft.world.entity.Display/]: Display entityNot a string
[08May2026 16:05:14.685] [Server thread/ERROR] [net.minecraft.world.entity.Display/]: Display entityNot a string
[08May2026 16:05:14.934] [Server thread/ERROR] [net.minecraft.world.entity.Display/]: Display entityNot a string
[08May2026 16:05:14.934] [Server thread/ERROR] [net.minecraft.world.entity.Display/]: Display entityNot a string
[08May2026 16:05:15.185] [Server thread/ERROR] [net.minecraft.world.entity.Display/]: Display entityNot a string
[08May2026 16:05:15.185] [Server thread/ERROR] [net.minecraft.world.entity.Display/]: Display entityNot a string
[08May2026 16:05:15.435] [Server thread/ERROR] [net.minecraft.world.entity.Display/]: Display entityNot a string
[08May2026 16:05:15.435] [Server thread/ERROR] [net.minecraft.world.entity.Display/]: Display entityNot a string
[08May2026 16:05:15.685] [Server thread/ERROR] [net.minecraft.world.entity.Display/]: Display entityNot a string
[08May2026 16:05:15.685] [Server thread/ERROR] [net.minecraft.world.entity.Display/]: Display entityNot a string
[08May2026 16:05:15.935] [Server thread/ERROR] [net.minecraft.world.entity.Display/]: Display entityNot a string
[08May2026 16:05:15.935] [Server thread/ERROR] [net.minecraft.world.entity.Display/]: Display entityNot a string
[08May2026 16:05:16.185] [Server thread/ERROR] [net.minecraft.world.entity.Display/]: Display entityNot a string
[08May2026 16:05:16.185] [Server thread/ERROR] [net.minecraft.world.entity.Display/]: Display entityNot a string
[08May2026 16:05:16.434] [Server thread/ERROR] [net.minecraft.world.entity.Display/]: Display entityNot a string
[08May2026 16:05:16.435] [Server thread/ERROR] [net.minecraft.world.entity.Display/]: Display entityNot a string
[08May2026 16:05:16.684] [Server thread/ERROR] [net.minecraft.world.entity.Display/]: Display entityNot a string
[08May2026 16:05:16.685] [Server thread/ERROR] [net.minecraft.world.entity.Display/]: Display entityNot a string
[08May2026 16:05:16.934] [Server thread/ERROR] [net.minecraft.world.entity.Display/]: Display entityNot a string
[08May2026 16:05:16.934] [Server thread/ERROR] [net.minecraft.world.entity.Display/]: Display entityNot a string
[08May2026 16:05:17.184] [Server thread/ERROR] [net.minecraft.world.entity.Display/]: Display entityNot a string
[08May2026 16:05:17.184] [Server thread/ERROR] [net.minecraft.world.entity.Display/]: Display entityNot a string
[08May2026 16:05:17.438] [Server thread/ERROR] [net.minecraft.world.entity.Display/]: Display entityNot a string
[08May2026 16:05:17.439] [Server thread/ERROR] [net.minecraft.world.entity.Display/]: Display entityNot a string
[08May2026 16:05:17.685] [Server thread/ERROR] [net.minecraft.world.entity.Display/]: Display entityNot a string
[08May2026 16:05:17.686] [Server thread/ERROR] [net.minecraft.world.entity.Display/]: Display entityNot a string
[08May2026 16:05:17.937] [Server thread/ERROR] [net.minecraft.world.entity.Display/]: Display entityNot a string
[08May2026 16:05:17.937] [Server thread/ERROR] [net.minecraft.world.entity.Display/]: Display entityNot a string
[08May2026 16:05:18.186] [Server thread/ERROR] [net.minecraft.world.entity.Display/]: Display entityNot a string
[08May2026 16:05:18.187] [Server thread/ERROR] [net.minecraft.world.entity.Display/]: Display entityNot a string
[08May2026 16:05:18.436] [Server thread/ERROR] [net.minecraft.world.entity.Display/]: Display entityNot a string
[08May2026 16:05:18.437] [Server thread/ERROR] [net.minecraft.world.entity.Display/]: Display entityNot a string
[08May2026 16:05:18.686] [Server thread/ERROR] [net.minecraft.world.entity.Display/]: Display entityNot a string
[08May2026 16:05:18.686] [Server thread/ERROR] [net.minecraft.world.entity.Display/]: Display entityNot a string
[08May2026 16:05:18.938] [Server thread/ERROR] [net.minecraft.world.entity.Display/]: Display entityNot a string
[08May2026 16:05:18.938] [Server thread/ERROR] [net.minecraft.world.entity.Display/]: Display entityNot a string
[08May2026 16:05:18.938] [Server thread/INFO] [net.minecraft.world.entity.LivingEntity/]: Named entity PvZZombieEntity['Basic Zombie'/2917, l='ServerLevel[New World]', x=-20.98, y=69.00, z=53.98] died: Basic Zombie was slain by Peashooter
[08May2026 16:05:19.184] [Server thread/ERROR] [net.minecraft.world.entity.Display/]: Display entityNot a string
[08May2026 16:05:19.184] [Server thread/ERROR] [net.minecraft.world.entity.Display/]: Display entityNot a string
[08May2026 16:05:19.434] [Server thread/ERROR] [net.minecraft.world.entity.Display/]: Display entityNot a string
[08May2026 16:05:19.434] [Server thread/ERROR] [net.minecraft.world.entity.Display/]: Display entityNot a string
[08May2026 16:05:19.686] [Server thread/ERROR] [net.minecraft.world.entity.Display/]: Display entityNot a string
[08May2026 16:05:19.686] [Server thread/ERROR] [net.minecraft.world.entity.Display/]: Display entityNot a string
[08May2026 16:05:19.935] [Server thread/ERROR] [net.minecraft.world.entity.Display/]: Display entityNot a string
[08May2026 16:05:19.935] [Server thread/ERROR] [net.minecraft.world.entity.Display/]: Display entityNot a string
[08May2026 16:05:20.185] [Server thread/ERROR] [net.minecraft.world.entity.Display/]: Display entityNot a string
[08May2026 16:05:20.185] [Server thread/ERROR] [net.minecraft.world.entity.Display/]: Display entityNot a string
[08May2026 16:05:20.435] [Server thread/ERROR] [net.minecraft.world.entity.Display/]: Display entityNot a string
[08May2026 16:05:20.436] [Server thread/ERROR] [net.minecraft.world.entity.Display/]: Display entityNot a string
[08May2026 16:05:20.684] [Server thread/ERROR] [net.minecraft.world.entity.Display/]: Display entityNot a string
[08May2026 16:05:20.684] [Server thread/ERROR] [net.minecraft.world.entity.Display/]: Display entityNot a string
[08May2026 16:05:20.935] [Server thread/ERROR] [net.minecraft.world.entity.Display/]: Display entityNot a string
[08May2026 16:05:20.935] [Server thread/ERROR] [net.minecraft.world.entity.Display/]: Display entityNot a string
[08May2026 16:05:21.185] [Server thread/ERROR] [net.minecraft.world.entity.Display/]: Display entityNot a string
[08May2026 16:05:21.186] [Server thread/ERROR] [net.minecraft.world.entity.Display/]: Display entityNot a string
[08May2026 16:05:21.435] [Server thread/ERROR] [net.minecraft.world.entity.Display/]: Display entityNot a string
[08May2026 16:05:21.435] [Server thread/ERROR] [net.minecraft.world.entity.Display/]: Display entityNot a string
[08May2026 16:05:21.684] [Server thread/ERROR] [net.minecraft.world.entity.Display/]: Display entityNot a string
[08May2026 16:05:21.685] [Server thread/ERROR] [net.minecraft.world.entity.Display/]: Display entityNot a string
[08May2026 16:05:21.934] [Server thread/ERROR] [net.minecraft.world.entity.Display/]: Display entityNot a string
[08May2026 16:05:21.934] [Server thread/ERROR] [net.minecraft.world.entity.Display/]: Display entityNot a string
[08May2026 16:05:22.184] [Server thread/ERROR] [net.minecraft.world.entity.Display/]: Display entityNot a string
[08May2026 16:05:22.184] [Server thread/ERROR] [net.minecraft.world.entity.Display/]: Display entityNot a string
[08May2026 16:05:22.434] [Server thread/ERROR] [net.minecraft.world.entity.Display/]: Display entityNot a string
[08May2026 16:05:22.434] [Server thread/ERROR] [net.minecraft.world.entity.Display/]: Display entityNot a string
[08May2026 16:05:22.684] [Server thread/ERROR] [net.minecraft.world.entity.Display/]: Display entityNot a string
[08May2026 16:05:22.684] [Server thread/ERROR] [net.minecraft.world.entity.Display/]: Display entityNot a string
[08May2026 16:05:22.934] [Server thread/ERROR] [net.minecraft.world.entity.Display/]: Display entityNot a string
[08May2026 16:05:22.934] [Server thread/ERROR] [net.minecraft.world.entity.Display/]: Display entityNot a string
[08May2026 16:05:23.184] [Server thread/ERROR] [net.minecraft.world.entity.Display/]: Display entityNot a string
[08May2026 16:05:23.184] [Server thread/ERROR] [net.minecraft.world.entity.Display/]: Display entityNot a string
[08May2026 16:05:23.436] [Server thread/ERROR] [net.minecraft.world.entity.Display/]: Display entityNot a string
[08May2026 16:05:23.436] [Server thread/ERROR] [net.minecraft.world.entity.Display/]: Display entityNot a string
[08May2026 16:05:23.686] [Server thread/ERROR] [net.minecraft.world.entity.Display/]: Display entityNot a string
[08May2026 16:05:23.686] [Server thread/ERROR] [net.minecraft.world.entity.Display/]: Display entityNot a string
[08May2026 16:05:23.936] [Server thread/ERROR] [net.minecraft.world.entity.Display/]: Display entityNot a string
[08May2026 16:05:23.937] [Server thread/ERROR] [net.minecraft.world.entity.Display/]: Display entityNot a string
[08May2026 16:05:24.187] [Server thread/ERROR] [net.minecraft.world.entity.Display/]: Display entityNot a string
[08May2026 16:05:24.187] [Server thread/ERROR] [net.minecraft.world.entity.Display/]: Display entityNot a string
[08May2026 16:05:24.437] [Server thread/ERROR] [net.minecraft.world.entity.Display/]: Display entityNot a string
[08May2026 16:05:24.437] [Server thread/ERROR] [net.minecraft.world.entity.Display/]: Display entityNot a string
[08May2026 16:05:24.684] [Server thread/ERROR] [net.minecraft.world.entity.Display/]: Display entityNot a string
[08May2026 16:05:24.685] [Server thread/ERROR] [net.minecraft.world.entity.Display/]: Display entityNot a string
[08May2026 16:05:24.937] [Server thread/ERROR] [net.minecraft.world.entity.Display/]: Display entityNot a string
[08May2026 16:05:24.937] [Server thread/ERROR] [net.minecraft.world.entity.Display/]: Display entityNot a string
[08May2026 16:05:25.184] [Server thread/ERROR] [net.minecraft.world.entity.Display/]: Display entityNot a string
[08May2026 16:05:25.184] [Server thread/ERROR] [net.minecraft.world.entity.Display/]: Display entityNot a string
[08May2026 16:05:25.435] [Server thread/ERROR] [net.minecraft.world.entity.Display/]: Display entityNot a string
[08May2026 16:05:25.435] [Server thread/ERROR] [net.minecraft.world.entity.Display/]: Display entityNot a string
[08May2026 16:05:25.685] [Server thread/ERROR] [net.minecraft.world.entity.Display/]: Display entityNot a string
[08May2026 16:05:25.685] [Server thread/ERROR] [net.minecraft.world.entity.Display/]: Display entityNot a string
[08May2026 16:05:25.934] [Server thread/ERROR] [net.minecraft.world.entity.Display/]: Display entityNot a string
[08May2026 16:05:25.934] [Server thread/ERROR] [net.minecraft.world.entity.Display/]: Display entityNot a string
[08May2026 16:05:26.185] [Server thread/ERROR] [net.minecraft.world.entity.Display/]: Display entityNot a string
[08May2026 16:05:26.185] [Server thread/ERROR] [net.minecraft.world.entity.Display/]: Display entityNot a string
[08May2026 16:05:26.435] [Server thread/ERROR] [net.minecraft.world.entity.Display/]: Display entityNot a string
[08May2026 16:05:26.435] [Server thread/ERROR] [net.minecraft.world.entity.Display/]: Display entityNot a string
[08May2026 16:05:26.685] [Server thread/ERROR] [net.minecraft.world.entity.Display/]: Display entityNot a string
[08May2026 16:05:26.685] [Server thread/ERROR] [net.minecraft.world.entity.Display/]: Display entityNot a string
[08May2026 16:05:26.757] [Render thread/INFO] [net.minecraft.client.gui.components.ChatComponent/]: [System] [CHAT] Garden upgrade applied.
[08May2026 16:05:26.757] [Render thread/INFO] [net.minecraft.client.gui.components.ChatComponent/]: [System] [CHAT] Reward unlocked: Starting Sun Upgrade I
[08May2026 16:05:26.934] [Server thread/ERROR] [net.minecraft.world.entity.Display/]: Display entityNot a string
[08May2026 16:05:26.934] [Server thread/ERROR] [net.minecraft.world.entity.Display/]: Display entityNot a string
[08May2026 16:05:27.185] [Server thread/ERROR] [net.minecraft.world.entity.Display/]: Display entityNot a string
[08May2026 16:05:27.185] [Server thread/ERROR] [net.minecraft.world.entity.Display/]: Display entityNot a string
[08May2026 16:05:27.435] [Server thread/ERROR] [net.minecraft.world.entity.Display/]: Display entityNot a string
[08May2026 16:05:27.435] [Server thread/ERROR] [net.minecraft.world.entity.Display/]: Display entityNot a string
[08May2026 16:05:27.685] [Server thread/ERROR] [net.minecraft.world.entity.Display/]: Display entityNot a string
[08May2026 16:05:27.686] [Server thread/ERROR] [net.minecraft.world.entity.Display/]: Display entityNot a string
[08May2026 16:05:27.762] [Render thread/INFO] [net.minecraft.client.gui.components.ChatComponent/]: [System] [CHAT] Reward unlocked: Wall-nut
[08May2026 16:05:27.762] [Render thread/INFO] [net.minecraft.client.gui.components.ChatComponent/]: [System] [CHAT] Wall-nut is now available in this garden's Planter tab.
[08May2026 16:05:27.934] [Server thread/ERROR] [net.minecraft.world.entity.Display/]: Display entityNot a string
[08May2026 16:05:27.935] [Server thread/ERROR] [net.minecraft.world.entity.Display/]: Display entityNot a string
[08May2026 16:05:28.186] [Server thread/ERROR] [net.minecraft.world.entity.Display/]: Display entityNot a string
[08May2026 16:05:28.186] [Server thread/ERROR] [net.minecraft.world.entity.Display/]: Display entityNot a string
[08May2026 16:05:28.434] [Server thread/ERROR] [net.minecraft.world.entity.Display/]: Display entityNot a string
[08May2026 16:05:28.434] [Server thread/ERROR] [net.minecraft.world.entity.Display/]: Display entityNot a string
[08May2026 16:05:28.689] [Server thread/ERROR] [net.minecraft.world.entity.Display/]: Display entityNot a string
[08May2026 16:05:28.689] [Server thread/ERROR] [net.minecraft.world.entity.Display/]: Display entityNot a string
[08May2026 16:05:28.935] [Server thread/ERROR] [net.minecraft.world.entity.Display/]: Display entityNot a string
[08May2026 16:05:28.935] [Server thread/ERROR] [net.minecraft.world.entity.Display/]: Display entityNot a string
[08May2026 16:05:29.185] [Server thread/ERROR] [net.minecraft.world.entity.Display/]: Display entityNot a string
[08May2026 16:05:29.185] [Server thread/ERROR] [net.minecraft.world.entity.Display/]: Display entityNot a string
[08May2026 16:05:29.435] [Server thread/ERROR] [net.minecraft.world.entity.Display/]: Display entityNot a string
[08May2026 16:05:29.435] [Server thread/ERROR] [net.minecraft.world.entity.Display/]: Display entityNot a string
[08May2026 16:05:29.684] [Server thread/ERROR] [net.minecraft.world.entity.Display/]: Display entityNot a string
[08May2026 16:05:29.684] [Server thread/ERROR] [net.minecraft.world.entity.Display/]: Display entityNot a string
[08May2026 16:05:29.935] [Server thread/ERROR] [net.minecraft.world.entity.Display/]: Display entityNot a string
[08May2026 16:05:29.936] [Server thread/ERROR] [net.minecraft.world.entity.Display/]: Display entityNot a string
[08May2026 16:05:30.187] [Server thread/ERROR] [net.minecraft.world.entity.Display/]: Display entityNot a string
[08May2026 16:05:30.187] [Server thread/ERROR] [net.minecraft.world.entity.Display/]: Display entityNot a string
[08May2026 16:05:30.436] [Server thread/ERROR] [net.minecraft.world.entity.Display/]: Display entityNot a string
[08May2026 16:05:30.436] [Server thread/ERROR] [net.minecraft.world.entity.Display/]: Display entityNot a string
[08May2026 16:05:30.687] [Server thread/ERROR] [net.minecraft.world.entity.Display/]: Display entityNot a string
[08May2026 16:05:30.688] [Server thread/ERROR] [net.minecraft.world.entity.Display/]: Display entityNot a string
[08May2026 16:05:30.935] [Server thread/ERROR] [net.minecraft.world.entity.Display/]: Display entityNot a string
[08May2026 16:05:30.935] [Server thread/ERROR] [net.minecraft.world.entity.Display/]: Display entityNot a string
[08May2026 16:05:31.186] [Server thread/ERROR] [net.minecraft.world.entity.Display/]: Display entityNot a string
[08May2026 16:05:31.186] [Server thread/ERROR] [net.minecraft.world.entity.Display/]: Display entityNot a string
[08May2026 16:05:31.435] [Server thread/ERROR] [net.minecraft.world.entity.Display/]: Display entityNot a string
[08May2026 16:05:31.435] [Server thread/ERROR] [net.minecraft.world.entity.Display/]: Display entityNot a string
[08May2026 16:05:31.685] [Server thread/ERROR] [net.minecraft.world.entity.Display/]: Display entityNot a string
[08May2026 16:05:31.685] [Server thread/ERROR] [net.minecraft.world.entity.Display/]: Display entityNot a string
[08May2026 16:05:31.935] [Server thread/ERROR] [net.minecraft.world.entity.Display/]: Display entityNot a string
[08May2026 16:05:31.935] [Server thread/ERROR] [net.minecraft.world.entity.Display/]: Display entityNot a string
[08May2026 16:05:32.185] [Server thread/ERROR] [net.minecraft.world.entity.Display/]: Display entityNot a string
[08May2026 16:05:32.185] [Server thread/ERROR] [net.minecraft.world.entity.Display/]: Display entityNot a string
[08May2026 16:05:32.436] [Server thread/ERROR] [net.minecraft.world.entity.Display/]: Display entityNot a string
[08May2026 16:05:32.436] [Server thread/ERROR] [net.minecraft.world.entity.Display/]: Display entityNot a string
[08May2026 16:05:32.685] [Server thread/ERROR] [net.minecraft.world.entity.Display/]: Display entityNot a string
[08May2026 16:05:32.686] [Server thread/ERROR] [net.minecraft.world.entity.Display/]: Display entityNot a string
[08May2026 16:05:32.935] [Server thread/ERROR] [net.minecraft.world.entity.Display/]: Display entityNot a string
[08May2026 16:05:32.935] [Server thread/ERROR] [net.minecraft.world.entity.Display/]: Display entityNot a string
[08May2026 16:05:33.185] [Server thread/ERROR] [net.minecraft.world.entity.Display/]: Display entityNot a string
[08May2026 16:05:33.185] [Server thread/ERROR] [net.minecraft.world.entity.Display/]: Display entityNot a string
[08May2026 16:05:33.439] [Server thread/ERROR] [net.minecraft.world.entity.Display/]: Display entityNot a string
[08May2026 16:05:33.439] [Server thread/ERROR] [net.minecraft.world.entity.Display/]: Display entityNot a string
[08May2026 16:05:33.684] [Server thread/ERROR] [net.minecraft.world.entity.Display/]: Display entityNot a string
[08May2026 16:05:33.684] [Server thread/ERROR] [net.minecraft.world.entity.Display/]: Display entityNot a string
[08May2026 16:05:33.934] [Server thread/ERROR] [net.minecraft.world.entity.Display/]: Display entityNot a string
[08May2026 16:05:33.934] [Server thread/ERROR] [net.minecraft.world.entity.Display/]: Display entityNot a string
[08May2026 16:05:34.185] [Server thread/ERROR] [net.minecraft.world.entity.Display/]: Display entityNot a string
[08May2026 16:05:34.185] [Server thread/ERROR] [net.minecraft.world.entity.Display/]: Display entityNot a string
[08May2026 16:05:34.435] [Server thread/ERROR] [net.minecraft.world.entity.Display/]: Display entityNot a string
[08May2026 16:05:34.436] [Server thread/ERROR] [net.minecraft.world.entity.Display/]: Display entityNot a string
[08May2026 16:05:34.685] [Server thread/ERROR] [net.minecraft.world.entity.Display/]: Display entityNot a string
[08May2026 16:05:34.685] [Server thread/ERROR] [net.minecraft.world.entity.Display/]: Display entityNot a string
[08May2026 16:05:34.934] [Server thread/ERROR] [net.minecraft.world.entity.Display/]: Display entityNot a string
[08May2026 16:05:34.934] [Server thread/ERROR] [net.minecraft.world.entity.Display/]: Display entityNot a string
[08May2026 16:05:35.184] [Server thread/ERROR] [net.minecraft.world.entity.Display/]: Display entityNot a string
[08May2026 16:05:35.184] [Server thread/ERROR] [net.minecraft.world.entity.Display/]: Display entityNot a string
[08May2026 16:05:35.435] [Server thread/ERROR] [net.minecraft.world.entity.Display/]: Display entityNot a string
[08May2026 16:05:35.435] [Server thread/ERROR] [net.minecraft.world.entity.Display/]: Display entityNot a string
[08May2026 16:05:35.684] [Server thread/ERROR] [net.minecraft.world.entity.Display/]: Display entityNot a string
[08May2026 16:05:35.684] [Server thread/ERROR] [net.minecraft.world.entity.Display/]: Display entityNot a string
[08May2026 16:05:35.934] [Server thread/ERROR] [net.minecraft.world.entity.Display/]: Display entityNot a string
[08May2026 16:05:35.935] [Server thread/ERROR] [net.minecraft.world.entity.Display/]: Display entityNot a string
[08May2026 16:05:36.184] [Server thread/ERROR] [net.minecraft.world.entity.Display/]: Display entityNot a string
[08May2026 16:05:36.184] [Server thread/ERROR] [net.minecraft.world.entity.Display/]: Display entityNot a string
[08May2026 16:05:36.435] [Server thread/ERROR] [net.minecraft.world.entity.Display/]: Display entityNot a string
[08May2026 16:05:36.435] [Server thread/ERROR] [net.minecraft.world.entity.Display/]: Display entityNot a string
[08May2026 16:05:36.684] [Server thread/ERROR] [net.minecraft.world.entity.Display/]: Display entityNot a string
[08May2026 16:05:36.684] [Server thread/ERROR] [net.minecraft.world.entity.Display/]: Display entityNot a string
[08May2026 16:05:36.934] [Server thread/ERROR] [net.minecraft.world.entity.Display/]: Display entityNot a string
[08May2026 16:05:36.934] [Server thread/ERROR] [net.minecraft.world.entity.Display/]: Display entityNot a string
[08May2026 16:05:37.184] [Server thread/ERROR] [net.minecraft.world.entity.Display/]: Display entityNot a string
[08May2026 16:05:37.184] [Server thread/ERROR] [net.minecraft.world.entity.Display/]: Display entityNot a string
[08May2026 16:05:37.437] [Server thread/ERROR] [net.minecraft.world.entity.Display/]: Display entityNot a string
[08May2026 16:05:37.437] [Server thread/ERROR] [net.minecraft.world.entity.Display/]: Display entityNot a string
[08May2026 16:05:37.684] [Server thread/ERROR] [net.minecraft.world.entity.Display/]: Display entityNot a string
[08May2026 16:05:37.685] [Server thread/ERROR] [net.minecraft.world.entity.Display/]: Display entityNot a string
